INDIKATOR_BEZEICHNUNG,INDIKATOR_AUSPRAEGUNG,INDIKATOR_WERT,BASISWERT_1,BASISWERT_2,BASISWERT_3,BASISWERT_4,BASISWERT_5,NAME_BASISWERT1,NAME_BASISWERT2,NAME_BASISWERT3,NAME_BASISWERT4,NAME_BASISWERT5,JAHR,GLIEDERUNG,NUMMER,NAME
Ausländer_innenanteil,gesamt,"25,8",8902,34462,,,,Anzahl aller ausländischen Einwohner,Anzahl der gesamten Hauptwohnsitzbevölkerung,,,,2000,Stadtbezirk,6,06 Sendling
Ausländer_innenanteil,gesamt,"24,9",10392,41726,,,,Anzahl aller ausländischen Einwohner,Anzahl der gesamten Hauptwohnsitzbevölkerung,,,,2000,Stadtbezirk,3,03 Maxvorstadt
Ausländer_innenanteil,gesamt,22,12681,57653,,,,Anzahl aller ausländischen Einwohner,Anzahl der gesamten Hauptwohnsitzbevölkerung,,,,2000,Stadtbezirk,12,12 Schwabing - Freimann
Ausländer_innenanteil,gesamt,"22,6",282148,1247934,,,,Anzahl aller ausländischen Einwohner,Anzahl der gesamten Hauptwohnsitzbevölkerung,,,,2000,Gesamtstadt,#100,Stadt München
Ausländer_innenanteil,gesamt,"16,4",11610,70984,,,,Anzahl aller ausländischen Einwohner,Anzahl der gesamten Hauptwohnsitzbevölkerung,,,,2000,Stadtbezirk,13,13 Bogenhausen
Ausländer_innenanteil,gesamt,"21,9",17923,81968,,,,Anzahl aller ausländischen Einwohner,Anzahl der gesamten Hauptwohnsitzbevölkerung,,,,2000,Stadtbezirk,9,09 Neuhausen - Nymphenburg
Ausländer_innenanteil,gesamt,"25,6",25600,99995,,,,Anzahl aller ausländischen Einwohner,Anzahl der gesamten Hauptwohnsitzbevölkerung,,,,2000,Stadtbezirk,16,16 Ramersdorf - Perlach
Ausländer_innenanteil,gesamt,"20,7",11144,53789,,,,Anzahl aller ausländischen Einwohner,Anzahl der gesamten Hauptwohnsitzbevölkerung,,,,2000,Stadtbezirk,4,04 Schwabing - West
Ausländer_innenanteil,gesamt,"24,8",9194,37017,,,,Anzahl aller ausländischen Einwohner,Anzahl der gesamten Hauptwohnsitzbevölkerung,,,,2000,Stadtbezirk,14,14 Berg am Laim
Ausländer_innenanteil,gesamt,"18,1",7526,41689,,,,Anzahl aller ausländischen Einwohner,Anzahl der gesamten Hauptwohnsitzbevölkerung,,,,2000,Stadtbezirk,20,20 Hadern
Ausländer_innenanteil,gesamt,"17,4",4652,26682,,,,Anzahl aller ausländischen Einwohner,Anzahl der gesamten Hauptwohnsitzbevölkerung,,,,2000,Stadtbezirk,23,23 Allach - Untermenzing
Ausländer_innenanteil,gesamt,"16,3",9729,59758,,,,Anzahl aller ausländischen Einwohner,Anzahl der gesamten Hauptwohnsitzbevölkerung,,,,2000,Stadtbezirk,21,21 Pasing - Obermenzing
Ausländer_innenanteil,gesamt,"17,5",13454,76762,,,,Anzahl aller ausländischen Einwohner,Anzahl der gesamten Hauptwohnsitzbevölkerung,,,,2000,Stadtbezirk,19,19 Thalkirchen - Obersendling - Forstenried - Fürstenried - Solln
Ausländer_innenanteil,gesamt,"19,7",9577,48534,,,,Anzahl aller ausländischen Einwohner,Anzahl der gesamten Hauptwohnsitzbevölkerung,,,,2000,Stadtbezirk,25,25 Laim
Ausländer_innenanteil,gesamt,23,4219,18374,,,,Anzahl aller ausländischen Einwohner,Anzahl der gesamten Hauptwohnsitzbevölkerung,,,,2000,Stadtbezirk,1,01 Altstadt - Lehel
Ausländer_innenanteil,gesamt,"40,9",10168,24883,,,,Anzahl aller ausländischen Einwohner,Anzahl der gesamten Hauptwohnsitzbevölkerung,,,,2000,Stadtbezirk,8,08 Schwanthalerhöhe
Ausländer_innenanteil,gesamt,25,13079,52413,,,,Anzahl aller ausländischen Einwohner,Anzahl der gesamten Hauptwohnsitzbevölkerung,,,,2000,Stadtbezirk,24,24 Feldmoching - Hasenbergl
Ausländer_innenanteil,gesamt,"22,2",10724,48388,,,,Anzahl aller ausländischen Einwohner,Anzahl der gesamten Hauptwohnsitzbevölkerung,,,,2000,Stadtbezirk,7,07 Sendling - Westpark
Ausländer_innenanteil,gesamt,"17,6",6576,37423,,,,Anzahl aller ausländischen Einwohner,Anzahl der gesamten Hauptwohnsitzbevölkerung,,,,2000,Stadtbezirk,22,22 Aubing - Lochhausen - Langwied
Ausländer_innenanteil,gesamt,"25,5",13257,52028,,,,Anzahl aller ausländischen Einwohner,Anzahl der gesamten Hauptwohnsitzbevölkerung,,,,2000,Stadtbezirk,5,05 Au - Haidhausen
Ausländer_innenanteil,gesamt,"23,6",10741,45507,,,,Anzahl aller ausländischen Einwohner,Anzahl der gesamten Hauptwohnsitzbevölkerung,,,,2000,Stadtbezirk,10,10 Moosach
Ausländer_innenanteil,gesamt,"13,6",5835,43003,,,,Anzahl aller ausländischen Einwohner,Anzahl der gesamten Hauptwohnsitzbevölkerung,,,,2000,Stadtbezirk,15,15 Trudering - Riem
Ausländer_innenanteil,gesamt,"32,2",14301,44451,,,,Anzahl aller ausländischen Einwohner,Anzahl der gesamten Hauptwohnsitzbevölkerung,,,,2000,Stadtbezirk,2,02 Ludwigsvorstadt - Isarvorstadt
Ausländer_innenanteil,gesamt,"27,4",12035,43974,,,,Anzahl aller ausländischen Einwohner,Anzahl der gesamten Hauptwohnsitzbevölkerung,,,,2000,Stadtbezirk,17,17 Obergiesing - Fasangarten
Ausländer_innenanteil,gesamt,"33,3",20054,60225,,,,Anzahl aller ausländischen Einwohner,Anzahl der gesamten Hauptwohnsitzbevölkerung,,,,2000,Stadtbezirk,11,11 Milbertshofen - Am Hart
Ausländer_innenanteil,gesamt,"18,9",8717,46153,,,,Anzahl aller ausländischen Einwohner,Anzahl der gesamten Hauptwohnsitzbevölkerung,,,,2000,Stadtbezirk,18,18 Untergiesing - Harlaching
Ausländer_innenanteil,gesamt,"31,5",14025,44484,,,,Anzahl aller ausländischen Einwohner,Anzahl der gesamten Hauptwohnsitzbevölkerung,,,,2001,Stadtbezirk,2,02 Ludwigsvorstadt - Isarvorstadt
Ausländer_innenanteil,gesamt,"24,9",12954,51947,,,,Anzahl aller ausländischen Einwohner,Anzahl der gesamten Hauptwohnsitzbevölkerung,,,,2001,Stadtbezirk,5,05 Au - Haidhausen
Ausländer_innenanteil,gesamt,"22,9",4227,18462,,,,Anzahl aller ausländischen Einwohner,Anzahl der gesamten Hauptwohnsitzbevölkerung,,,,2001,Stadtbezirk,1,01 Altstadt - Lehel
Ausländer_innenanteil,gesamt,"16,5",10002,60445,,,,Anzahl aller ausländischen Einwohner,Anzahl der gesamten Hauptwohnsitzbevölkerung,,,,2001,Stadtbezirk,21,21 Pasing - Obermenzing
Ausländer_innenanteil,gesamt,"25,7",8965,34820,,,,Anzahl aller ausländischen Einwohner,Anzahl der gesamten Hauptwohnsitzbevölkerung,,,,2001,Stadtbezirk,6,06 Sendling
Ausländer_innenanteil,gesamt,25,13240,52896,,,,Anzahl aller ausländischen Einwohner,Anzahl der gesamten Hauptwohnsitzbevölkerung,,,,2001,Stadtbezirk,24,24 Feldmoching - Hasenbergl
Ausländer_innenanteil,gesamt,"17,3",4647,26794,,,,Anzahl aller ausländischen Einwohner,Anzahl der gesamten Hauptwohnsitzbevölkerung,,,,2001,Stadtbezirk,23,23 Allach - Untermenzing
Ausländer_innenanteil,gesamt,"33,4",20372,61034,,,,Anzahl aller ausländischen Einwohner,Anzahl der gesamten Hauptwohnsitzbevölkerung,,,,2001,Stadtbezirk,11,11 Milbertshofen - Am Hart
Ausländer_innenanteil,gesamt,"25,8",25868,100387,,,,Anzahl aller ausländischen Einwohner,Anzahl der gesamten Hauptwohnsitzbevölkerung,,,,2001,Stadtbezirk,16,16 Ramersdorf - Perlach
Ausländer_innenanteil,gesamt,"22,3",10846,48608,,,,Anzahl aller ausländischen Einwohner,Anzahl der gesamten Hauptwohnsitzbevölkerung,,,,2001,Stadtbezirk,7,07 Sendling - Westpark
Ausländer_innenanteil,gesamt,"27,1",11981,44143,,,,Anzahl aller ausländischen Einwohner,Anzahl der gesamten Hauptwohnsitzbevölkerung,,,,2001,Stadtbezirk,17,17 Obergiesing - Fasangarten
Ausländer_innenanteil,gesamt,"22,8",13537,59392,,,,Anzahl aller ausländischen Einwohner,Anzahl der gesamten Hauptwohnsitzbevölkerung,,,,2001,Stadtbezirk,12,12 Schwabing - Freimann
Ausländer_innenanteil,gesamt,"25,2",9479,37544,,,,Anzahl aller ausländischen Einwohner,Anzahl der gesamten Hauptwohnsitzbevölkerung,,,,2001,Stadtbezirk,14,14 Berg am Laim
Ausländer_innenanteil,gesamt,"20,1",9787,48739,,,,Anzahl aller ausländischen Einwohner,Anzahl der gesamten Hauptwohnsitzbevölkerung,,,,2001,Stadtbezirk,25,25 Laim
Ausländer_innenanteil,gesamt,"22,8",287107,1260597,,,,Anzahl aller ausländischen Einwohner,Anzahl der gesamten Hauptwohnsitzbevölkerung,,,,2001,Gesamtstadt,#100,Stadt München
Ausländer_innenanteil,gesamt,"21,7",11868,54580,,,,Anzahl aller ausländischen Einwohner,Anzahl der gesamten Hauptwohnsitzbevölkerung,,,,2001,Stadtbezirk,4,04 Schwabing - West
Ausländer_innenanteil,gesamt,"23,8",11011,46174,,,,Anzahl aller ausländischen Einwohner,Anzahl der gesamten Hauptwohnsitzbevölkerung,,,,2001,Stadtbezirk,10,10 Moosach
Ausländer_innenanteil,gesamt,18,13945,77518,,,,Anzahl aller ausländischen Einwohner,Anzahl der gesamten Hauptwohnsitzbevölkerung,,,,2001,Stadtbezirk,19,19 Thalkirchen - Obersendling - Forstenried - Fürstenried - Solln
Ausländer_innenanteil,gesamt,25,10533,42159,,,,Anzahl aller ausländischen Einwohner,Anzahl der gesamten Hauptwohnsitzbevölkerung,,,,2001,Stadtbezirk,3,03 Maxvorstadt
Ausländer_innenanteil,gesamt,"21,9",17972,82235,,,,Anzahl aller ausländischen Einwohner,Anzahl der gesamten Hauptwohnsitzbevölkerung,,,,2001,Stadtbezirk,9,09 Neuhausen - Nymphenburg
Ausländer_innenanteil,gesamt,"40,3",10028,24905,,,,Anzahl aller ausländischen Einwohner,Anzahl der gesamten Hauptwohnsitzbevölkerung,,,,2001,Stadtbezirk,8,08 Schwanthalerhöhe
Ausländer_innenanteil,gesamt,"17,7",6659,37693,,,,Anzahl aller ausländischen Einwohner,Anzahl der gesamten Hauptwohnsitzbevölkerung,,,,2001,Stadtbezirk,22,22 Aubing - Lochhausen - Langwied
Ausländer_innenanteil,gesamt,"16,6",11921,71716,,,,Anzahl aller ausländischen Einwohner,Anzahl der gesamten Hauptwohnsitzbevölkerung,,,,2001,Stadtbezirk,13,13 Bogenhausen
Ausländer_innenanteil,gesamt,"18,2",7614,41858,,,,Anzahl aller ausländischen Einwohner,Anzahl der gesamten Hauptwohnsitzbevölkerung,,,,2001,Stadtbezirk,20,20 Hadern
Ausländer_innenanteil,gesamt,"14,7",6687,45403,,,,Anzahl aller ausländischen Einwohner,Anzahl der gesamten Hauptwohnsitzbevölkerung,,,,2001,Stadtbezirk,15,15 Trudering - Riem
Ausländer_innenanteil,gesamt,"19,1",8892,46580,,,,Anzahl aller ausländischen Einwohner,Anzahl der gesamten Hauptwohnsitzbevölkerung,,,,2001,Stadtbezirk,18,18 Untergiesing - Harlaching
Ausländer_innenanteil,gesamt,"20,1",9784,48606,,,,Anzahl aller ausländischen Einwohner,Anzahl der gesamten Hauptwohnsitzbevölkerung,,,,2002,Stadtbezirk,25,25 Laim
Ausländer_innenanteil,gesamt,"23,9",11054,46333,,,,Anzahl aller ausländischen Einwohner,Anzahl der gesamten Hauptwohnsitzbevölkerung,,,,2002,Stadtbezirk,10,10 Moosach
Ausländer_innenanteil,gesamt,"19,2",8949,46495,,,,Anzahl aller ausländischen Einwohner,Anzahl der gesamten Hauptwohnsitzbevölkerung,,,,2002,Stadtbezirk,18,18 Untergiesing - Harlaching
Ausländer_innenanteil,gesamt,23,13840,60060,,,,Anzahl aller ausländischen Einwohner,Anzahl der gesamten Hauptwohnsitzbevölkerung,,,,2002,Stadtbezirk,12,12 Schwabing - Freimann
Ausländer_innenanteil,gesamt,"21,5",11674,54272,,,,Anzahl aller ausländischen Einwohner,Anzahl der gesamten Hauptwohnsitzbevölkerung,,,,2002,Stadtbezirk,4,04 Schwabing - West
Ausländer_innenanteil,gesamt,"21,7",17795,81947,,,,Anzahl aller ausländischen Einwohner,Anzahl der gesamten Hauptwohnsitzbevölkerung,,,,2002,Stadtbezirk,9,09 Neuhausen - Nymphenburg
Ausländer_innenanteil,gesamt,"18,9",8051,42563,,,,Anzahl aller ausländischen Einwohner,Anzahl der gesamten Hauptwohnsitzbevölkerung,,,,2002,Stadtbezirk,20,20 Hadern
Ausländer_innenanteil,gesamt,"15,8",7456,47186,,,,Anzahl aller ausländischen Einwohner,Anzahl der gesamten Hauptwohnsitzbevölkerung,,,,2002,Stadtbezirk,15,15 Trudering - Riem
Ausländer_innenanteil,gesamt,"25,6",8996,35102,,,,Anzahl aller ausländischen Einwohner,Anzahl der gesamten Hauptwohnsitzbevölkerung,,,,2002,Stadtbezirk,6,06 Sendling
Ausländer_innenanteil,gesamt,"17,7",6650,37532,,,,Anzahl aller ausländischen Einwohner,Anzahl der gesamten Hauptwohnsitzbevölkerung,,,,2002,Stadtbezirk,22,22 Aubing - Lochhausen - Langwied
Ausländer_innenanteil,gesamt,"25,2",13338,53010,,,,Anzahl aller ausländischen Einwohner,Anzahl der gesamten Hauptwohnsitzbevölkerung,,,,2002,Stadtbezirk,24,24 Feldmoching - Hasenbergl
Ausländer_innenanteil,gesamt,"40,2",10089,25078,,,,Anzahl aller ausländischen Einwohner,Anzahl der gesamten Hauptwohnsitzbevölkerung,,,,2002,Stadtbezirk,8,08 Schwanthalerhöhe
Ausländer_innenanteil,gesamt,"18,3",14208,77659,,,,Anzahl aller ausländischen Einwohner,Anzahl der gesamten Hauptwohnsitzbevölkerung,,,,2002,Stadtbezirk,19,19 Thalkirchen - Obersendling - Forstenried - Fürstenried - Solln
Ausländer_innenanteil,gesamt,"25,9",25939,100129,,,,Anzahl aller ausländischen Einwohner,Anzahl der gesamten Hauptwohnsitzbevölkerung,,,,2002,Stadtbezirk,16,16 Ramersdorf - Perlach
Ausländer_innenanteil,gesamt,"25,5",9632,37769,,,,Anzahl aller ausländischen Einwohner,Anzahl der gesamten Hauptwohnsitzbevölkerung,,,,2002,Stadtbezirk,14,14 Berg am Laim
Ausländer_innenanteil,gesamt,"33,7",20800,61655,,,,Anzahl aller ausländischen Einwohner,Anzahl der gesamten Hauptwohnsitzbevölkerung,,,,2002,Stadtbezirk,11,11 Milbertshofen - Am Hart
Ausländer_innenanteil,gesamt,25,13007,52000,,,,Anzahl aller ausländischen Einwohner,Anzahl der gesamten Hauptwohnsitzbevölkerung,,,,2002,Stadtbezirk,5,05 Au - Haidhausen
Ausländer_innenanteil,gesamt,"16,6",10050,60616,,,,Anzahl aller ausländischen Einwohner,Anzahl der gesamten Hauptwohnsitzbevölkerung,,,,2002,Stadtbezirk,21,21 Pasing - Obermenzing
Ausländer_innenanteil,gesamt,"17,1",4611,26903,,,,Anzahl aller ausländischen Einwohner,Anzahl der gesamten Hauptwohnsitzbevölkerung,,,,2002,Stadtbezirk,23,23 Allach - Untermenzing
Ausländer_innenanteil,gesamt,"24,7",10277,41606,,,,Anzahl aller ausländischen Einwohner,Anzahl der gesamten Hauptwohnsitzbevölkerung,,,,2002,Stadtbezirk,3,03 Maxvorstadt
Ausländer_innenanteil,gesamt,"31,1",13684,44059,,,,Anzahl aller ausländischen Einwohner,Anzahl der gesamten Hauptwohnsitzbevölkerung,,,,2002,Stadtbezirk,2,02 Ludwigsvorstadt - Isarvorstadt
Ausländer_innenanteil,gesamt,"27,6",12332,44616,,,,Anzahl aller ausländischen Einwohner,Anzahl der gesamten Hauptwohnsitzbevölkerung,,,,2002,Stadtbezirk,17,17 Obergiesing - Fasangarten
Ausländer_innenanteil,gesamt,"22,4",4079,18193,,,,Anzahl aller ausländischen Einwohner,Anzahl der gesamten Hauptwohnsitzbevölkerung,,,,2002,Stadtbezirk,1,01 Altstadt - Lehel
Ausländer_innenanteil,gesamt,"16,8",12178,72429,,,,Anzahl aller ausländischen Einwohner,Anzahl der gesamten Hauptwohnsitzbevölkerung,,,,2002,Stadtbezirk,13,13 Bogenhausen
Ausländer_innenanteil,gesamt,"22,3",10781,48448,,,,Anzahl aller ausländischen Einwohner,Anzahl der gesamten Hauptwohnsitzbevölkerung,,,,2002,Stadtbezirk,7,07 Sendling - Westpark
Ausländer_innenanteil,gesamt,"22,9",289263,1264309,,,,Anzahl aller ausländischen Einwohner,Anzahl der gesamten Hauptwohnsitzbevölkerung,,,,2002,Gesamtstadt,#100,Stadt München
Ausländer_innenanteil,gesamt,"22,7",11020,48564,,,,Anzahl aller ausländischen Einwohner,Anzahl der gesamten Hauptwohnsitzbevölkerung,,,,2003,Stadtbezirk,7,07 Sendling - Westpark
Ausländer_innenanteil,gesamt,23,292229,1267813,,,,Anzahl aller ausländischen Einwohner,Anzahl der gesamten Hauptwohnsitzbevölkerung,,,,2003,Gesamtstadt,#100,Stadt München
Ausländer_innenanteil,gesamt,"23,7",14241,60215,,,,Anzahl aller ausländischen Einwohner,Anzahl der gesamten Hauptwohnsitzbevölkerung,,,,2003,Stadtbezirk,12,12 Schwabing - Freimann
Ausländer_innenanteil,gesamt,"26,1",26330,100724,,,,Anzahl aller ausländischen Einwohner,Anzahl der gesamten Hauptwohnsitzbevölkerung,,,,2003,Stadtbezirk,16,16 Ramersdorf - Perlach
Ausländer_innenanteil,gesamt,"21,7",17703,81661,,,,Anzahl aller ausländischen Einwohner,Anzahl der gesamten Hauptwohnsitzbevölkerung,,,,2003,Stadtbezirk,9,09 Neuhausen - Nymphenburg
Ausländer_innenanteil,gesamt,"18,4",14325,77850,,,,Anzahl aller ausländischen Einwohner,Anzahl der gesamten Hauptwohnsitzbevölkerung,,,,2003,Stadtbezirk,19,19 Thalkirchen - Obersendling - Forstenried - Fürstenried - Solln
Ausländer_innenanteil,gesamt,"17,3",12654,73070,,,,Anzahl aller ausländischen Einwohner,Anzahl der gesamten Hauptwohnsitzbevölkerung,,,,2003,Stadtbezirk,13,13 Bogenhausen
Ausländer_innenanteil,gesamt,23,4178,18159,,,,Anzahl aller ausländischen Einwohner,Anzahl der gesamten Hauptwohnsitzbevölkerung,,,,2003,Stadtbezirk,1,01 Altstadt - Lehel
Ausländer_innenanteil,gesamt,"30,5",13293,43637,,,,Anzahl aller ausländischen Einwohner,Anzahl der gesamten Hauptwohnsitzbevölkerung,,,,2003,Stadtbezirk,2,02 Ludwigsvorstadt - Isarvorstadt
Ausländer_innenanteil,gesamt,"27,9",12478,44761,,,,Anzahl aller ausländischen Einwohner,Anzahl der gesamten Hauptwohnsitzbevölkerung,,,,2003,Stadtbezirk,17,17 Obergiesing - Fasangarten
Ausländer_innenanteil,gesamt,"24,7",12759,51636,,,,Anzahl aller ausländischen Einwohner,Anzahl der gesamten Hauptwohnsitzbevölkerung,,,,2003,Stadtbezirk,5,05 Au - Haidhausen
Ausländer_innenanteil,gesamt,22,11960,54351,,,,Anzahl aller ausländischen Einwohner,Anzahl der gesamten Hauptwohnsitzbevölkerung,,,,2003,Stadtbezirk,4,04 Schwabing - West
Ausländer_innenanteil,gesamt,"25,7",9025,35113,,,,Anzahl aller ausländischen Einwohner,Anzahl der gesamten Hauptwohnsitzbevölkerung,,,,2003,Stadtbezirk,6,06 Sendling
Ausländer_innenanteil,gesamt,"15,6",7493,47919,,,,Anzahl aller ausländischen Einwohner,Anzahl der gesamten Hauptwohnsitzbevölkerung,,,,2003,Stadtbezirk,15,15 Trudering - Riem
Ausländer_innenanteil,gesamt,"24,8",10309,41502,,,,Anzahl aller ausländischen Einwohner,Anzahl der gesamten Hauptwohnsitzbevölkerung,,,,2003,Stadtbezirk,3,03 Maxvorstadt
Ausländer_innenanteil,gesamt,"19,6",9149,46707,,,,Anzahl aller ausländischen Einwohner,Anzahl der gesamten Hauptwohnsitzbevölkerung,,,,2003,Stadtbezirk,18,18 Untergiesing - Harlaching
Ausländer_innenanteil,gesamt,"19,5",8364,42823,,,,Anzahl aller ausländischen Einwohner,Anzahl der gesamten Hauptwohnsitzbevölkerung,,,,2003,Stadtbezirk,20,20 Hadern
Ausländer_innenanteil,gesamt,"16,5",4450,26977,,,,Anzahl aller ausländischen Einwohner,Anzahl der gesamten Hauptwohnsitzbevölkerung,,,,2003,Stadtbezirk,23,23 Allach - Untermenzing
Ausländer_innenanteil,gesamt,"23,9",11104,46546,,,,Anzahl aller ausländischen Einwohner,Anzahl der gesamten Hauptwohnsitzbevölkerung,,,,2003,Stadtbezirk,10,10 Moosach
Ausländer_innenanteil,gesamt,"16,9",10394,61509,,,,Anzahl aller ausländischen Einwohner,Anzahl der gesamten Hauptwohnsitzbevölkerung,,,,2003,Stadtbezirk,21,21 Pasing - Obermenzing
Ausländer_innenanteil,gesamt,"25,3",9516,37607,,,,Anzahl aller ausländischen Einwohner,Anzahl der gesamten Hauptwohnsitzbevölkerung,,,,2003,Stadtbezirk,14,14 Berg am Laim
Ausländer_innenanteil,gesamt,"34,2",21154,61886,,,,Anzahl aller ausländischen Einwohner,Anzahl der gesamten Hauptwohnsitzbevölkerung,,,,2003,Stadtbezirk,11,11 Milbertshofen - Am Hart
Ausländer_innenanteil,gesamt,"25,3",13385,52961,,,,Anzahl aller ausländischen Einwohner,Anzahl der gesamten Hauptwohnsitzbevölkerung,,,,2003,Stadtbezirk,24,24 Feldmoching - Hasenbergl
Ausländer_innenanteil,gesamt,"17,9",6739,37566,,,,Anzahl aller ausländischen Einwohner,Anzahl der gesamten Hauptwohnsitzbevölkerung,,,,2003,Stadtbezirk,22,22 Aubing - Lochhausen - Langwied
Ausländer_innenanteil,gesamt,"40,2",10176,25328,,,,Anzahl aller ausländischen Einwohner,Anzahl der gesamten Hauptwohnsitzbevölkerung,,,,2003,Stadtbezirk,8,08 Schwanthalerhöhe
Ausländer_innenanteil,gesamt,"20,6",10026,48708,,,,Anzahl aller ausländischen Einwohner,Anzahl der gesamten Hauptwohnsitzbevölkerung,,,,2003,Stadtbezirk,25,25 Laim
Ausländer_innenanteil,gesamt,"27,4",12197,44473,,,,Anzahl aller ausländischen Einwohner,Anzahl der gesamten Hauptwohnsitzbevölkerung,,,,2004,Stadtbezirk,17,17 Obergiesing - Fasangarten
Ausländer_innenanteil,gesamt,"18,4",14380,78057,,,,Anzahl aller ausländischen Einwohner,Anzahl der gesamten Hauptwohnsitzbevölkerung,,,,2004,Stadtbezirk,19,19 Thalkirchen - Obersendling - Forstenried - Fürstenried - Solln
Ausländer_innenanteil,gesamt,"26,4",26613,100844,,,,Anzahl aller ausländischen Einwohner,Anzahl der gesamten Hauptwohnsitzbevölkerung,,,,2004,Stadtbezirk,16,16 Ramersdorf - Perlach
Ausländer_innenanteil,gesamt,"21,7",12012,55231,,,,Anzahl aller ausländischen Einwohner,Anzahl der gesamten Hauptwohnsitzbevölkerung,,,,2004,Stadtbezirk,4,04 Schwabing - West
Ausländer_innenanteil,gesamt,"24,7",10285,41581,,,,Anzahl aller ausländischen Einwohner,Anzahl der gesamten Hauptwohnsitzbevölkerung,,,,2004,Stadtbezirk,3,03 Maxvorstadt
Ausländer_innenanteil,gesamt,"38,4",9751,25369,,,,Anzahl aller ausländischen Einwohner,Anzahl der gesamten Hauptwohnsitzbevölkerung,,,,2004,Stadtbezirk,8,08 Schwanthalerhöhe
Ausländer_innenanteil,gesamt,"24,4",11442,46856,,,,Anzahl aller ausländischen Einwohner,Anzahl der gesamten Hauptwohnsitzbevölkerung,,,,2004,Stadtbezirk,10,10 Moosach
Ausländer_innenanteil,gesamt,"25,3",13420,52958,,,,Anzahl aller ausländischen Einwohner,Anzahl der gesamten Hauptwohnsitzbevölkerung,,,,2004,Stadtbezirk,24,24 Feldmoching - Hasenbergl
Ausländer_innenanteil,gesamt,"22,6",4108,18210,,,,Anzahl aller ausländischen Einwohner,Anzahl der gesamten Hauptwohnsitzbevölkerung,,,,2004,Stadtbezirk,1,01 Altstadt - Lehel
Ausländer_innenanteil,gesamt,"29,4",12793,43469,,,,Anzahl aller ausländischen Einwohner,Anzahl der gesamten Hauptwohnsitzbevölkerung,,,,2004,Stadtbezirk,2,02 Ludwigsvorstadt - Isarvorstadt
Ausländer_innenanteil,gesamt,"22,9",11127,48669,,,,Anzahl aller ausländischen Einwohner,Anzahl der gesamten Hauptwohnsitzbevölkerung,,,,2004,Stadtbezirk,7,07 Sendling - Westpark
Ausländer_innenanteil,gesamt,"34,5",21773,63076,,,,Anzahl aller ausländischen Einwohner,Anzahl der gesamten Hauptwohnsitzbevölkerung,,,,2004,Stadtbezirk,11,11 Milbertshofen - Am Hart
Ausländer_innenanteil,gesamt,"25,9",9261,35691,,,,Anzahl aller ausländischen Einwohner,Anzahl der gesamten Hauptwohnsitzbevölkerung,,,,2004,Stadtbezirk,6,06 Sendling
Ausländer_innenanteil,gesamt,"21,1",10294,48841,,,,Anzahl aller ausländischen Einwohner,Anzahl der gesamten Hauptwohnsitzbevölkerung,,,,2004,Stadtbezirk,25,25 Laim
Ausländer_innenanteil,gesamt,24,12307,51383,,,,Anzahl aller ausländischen Einwohner,Anzahl der gesamten Hauptwohnsitzbevölkerung,,,,2004,Stadtbezirk,5,05 Au - Haidhausen
Ausländer_innenanteil,gesamt,"25,5",9725,38127,,,,Anzahl aller ausländischen Einwohner,Anzahl der gesamten Hauptwohnsitzbevölkerung,,,,2004,Stadtbezirk,14,14 Berg am Laim
Ausländer_innenanteil,gesamt,"15,4",7546,48914,,,,Anzahl aller ausländischen Einwohner,Anzahl der gesamten Hauptwohnsitzbevölkerung,,,,2004,Stadtbezirk,15,15 Trudering - Riem
Ausländer_innenanteil,gesamt,"23,5",13996,59602,,,,Anzahl aller ausländischen Einwohner,Anzahl der gesamten Hauptwohnsitzbevölkerung,,,,2004,Stadtbezirk,12,12 Schwabing - Freimann
Ausländer_innenanteil,gesamt,"17,1",10639,62081,,,,Anzahl aller ausländischen Einwohner,Anzahl der gesamten Hauptwohnsitzbevölkerung,,,,2004,Stadtbezirk,21,21 Pasing - Obermenzing
Ausländer_innenanteil,gesamt,23,293386,1273186,,,,Anzahl aller ausländischen Einwohner,Anzahl der gesamten Hauptwohnsitzbevölkerung,,,,2004,Gesamtstadt,#100,Stadt München
Ausländer_innenanteil,gesamt,20,8683,43396,,,,Anzahl aller ausländischen Einwohner,Anzahl der gesamten Hauptwohnsitzbevölkerung,,,,2004,Stadtbezirk,20,20 Hadern
Ausländer_innenanteil,gesamt,"19,3",8979,46462,,,,Anzahl aller ausländischen Einwohner,Anzahl der gesamten Hauptwohnsitzbevölkerung,,,,2004,Stadtbezirk,18,18 Untergiesing - Harlaching
Ausländer_innenanteil,gesamt,17,4666,27374,,,,Anzahl aller ausländischen Einwohner,Anzahl der gesamten Hauptwohnsitzbevölkerung,,,,2004,Stadtbezirk,23,23 Allach - Untermenzing
Ausländer_innenanteil,gesamt,"17,1",12513,72982,,,,Anzahl aller ausländischen Einwohner,Anzahl der gesamten Hauptwohnsitzbevölkerung,,,,2004,Stadtbezirk,13,13 Bogenhausen
Ausländer_innenanteil,gesamt,22,18041,81921,,,,Anzahl aller ausländischen Einwohner,Anzahl der gesamten Hauptwohnsitzbevölkerung,,,,2004,Stadtbezirk,9,09 Neuhausen - Nymphenburg
Ausländer_innenanteil,gesamt,"18,2",6835,37595,,,,Anzahl aller ausländischen Einwohner,Anzahl der gesamten Hauptwohnsitzbevölkerung,,,,2004,Stadtbezirk,22,22 Aubing - Lochhausen - Langwied
Ausländer_innenanteil,gesamt,"26,9",27367,101820,,,,Anzahl aller ausländischen Einwohner,Anzahl der gesamten Hauptwohnsitzbevölkerung,,,,2005,Stadtbezirk,16,16 Ramersdorf - Perlach
Ausländer_innenanteil,gesamt,"23,3",300129,1288307,,,,Anzahl aller ausländischen Einwohner,Anzahl der gesamten Hauptwohnsitzbevölkerung,,,,2005,Gesamtstadt,#100,Stadt München
Ausländer_innenanteil,gesamt,"26,2",9425,35966,,,,Anzahl aller ausländischen Einwohner,Anzahl der gesamten Hauptwohnsitzbevölkerung,,,,2005,Stadtbezirk,6,06 Sendling
Ausländer_innenanteil,gesamt,"19,6",9196,46857,,,,Anzahl aller ausländischen Einwohner,Anzahl der gesamten Hauptwohnsitzbevölkerung,,,,2005,Stadtbezirk,18,18 Untergiesing - Harlaching
Ausländer_innenanteil,gesamt,"27,3",12339,45132,,,,Anzahl aller ausländischen Einwohner,Anzahl der gesamten Hauptwohnsitzbevölkerung,,,,2005,Stadtbezirk,17,17 Obergiesing - Fasangarten
Ausländer_innenanteil,gesamt,"16,9",4671,27586,,,,Anzahl aller ausländischen Einwohner,Anzahl der gesamten Hauptwohnsitzbevölkerung,,,,2005,Stadtbezirk,23,23 Allach - Untermenzing
Ausländer_innenanteil,gesamt,"29,5",12953,43945,,,,Anzahl aller ausländischen Einwohner,Anzahl der gesamten Hauptwohnsitzbevölkerung,,,,2005,Stadtbezirk,2,02 Ludwigsvorstadt - Isarvorstadt
Ausländer_innenanteil,gesamt,"24,7",10442,42201,,,,Anzahl aller ausländischen Einwohner,Anzahl der gesamten Hauptwohnsitzbevölkerung,,,,2005,Stadtbezirk,3,03 Maxvorstadt
Ausländer_innenanteil,gesamt,"17,7",13042,73860,,,,Anzahl aller ausländischen Einwohner,Anzahl der gesamten Hauptwohnsitzbevölkerung,,,,2005,Stadtbezirk,13,13 Bogenhausen
Ausländer_innenanteil,gesamt,"17,3",10822,62724,,,,Anzahl aller ausländischen Einwohner,Anzahl der gesamten Hauptwohnsitzbevölkerung,,,,2005,Stadtbezirk,21,21 Pasing - Obermenzing
Ausländer_innenanteil,gesamt,"25,9",13832,53389,,,,Anzahl aller ausländischen Einwohner,Anzahl der gesamten Hauptwohnsitzbevölkerung,,,,2005,Stadtbezirk,24,24 Feldmoching - Hasenbergl
Ausländer_innenanteil,gesamt,"35,4",22896,64612,,,,Anzahl aller ausländischen Einwohner,Anzahl der gesamten Hauptwohnsitzbevölkerung,,,,2005,Stadtbezirk,11,11 Milbertshofen - Am Hart
Ausländer_innenanteil,gesamt,26,9967,38327,,,,Anzahl aller ausländischen Einwohner,Anzahl der gesamten Hauptwohnsitzbevölkerung,,,,2005,Stadtbezirk,14,14 Berg am Laim
Ausländer_innenanteil,gesamt,"23,5",14068,59767,,,,Anzahl aller ausländischen Einwohner,Anzahl der gesamten Hauptwohnsitzbevölkerung,,,,2005,Stadtbezirk,12,12 Schwabing - Freimann
Ausländer_innenanteil,gesamt,"18,9",14983,79148,,,,Anzahl aller ausländischen Einwohner,Anzahl der gesamten Hauptwohnsitzbevölkerung,,,,2005,Stadtbezirk,19,19 Thalkirchen - Obersendling - Forstenried - Fürstenried - Solln
Ausländer_innenanteil,gesamt,"21,6",12125,56033,,,,Anzahl aller ausländischen Einwohner,Anzahl der gesamten Hauptwohnsitzbevölkerung,,,,2005,Stadtbezirk,4,04 Schwabing - West
Ausländer_innenanteil,gesamt,"20,5",9024,43981,,,,Anzahl aller ausländischen Einwohner,Anzahl der gesamten Hauptwohnsitzbevölkerung,,,,2005,Stadtbezirk,20,20 Hadern
Ausländer_innenanteil,gesamt,"22,9",4261,18631,,,,Anzahl aller ausländischen Einwohner,Anzahl der gesamten Hauptwohnsitzbevölkerung,,,,2005,Stadtbezirk,1,01 Altstadt - Lehel
Ausländer_innenanteil,gesamt,"23,2",11492,49472,,,,Anzahl aller ausländischen Einwohner,Anzahl der gesamten Hauptwohnsitzbevölkerung,,,,2005,Stadtbezirk,7,07 Sendling - Westpark
Ausländer_innenanteil,gesamt,"24,9",11758,47198,,,,Anzahl aller ausländischen Einwohner,Anzahl der gesamten Hauptwohnsitzbevölkerung,,,,2005,Stadtbezirk,10,10 Moosach
Ausländer_innenanteil,gesamt,"21,6",10560,48927,,,,Anzahl aller ausländischen Einwohner,Anzahl der gesamten Hauptwohnsitzbevölkerung,,,,2005,Stadtbezirk,25,25 Laim
Ausländer_innenanteil,gesamt,"37,8",9644,25507,,,,Anzahl aller ausländischen Einwohner,Anzahl der gesamten Hauptwohnsitzbevölkerung,,,,2005,Stadtbezirk,8,08 Schwanthalerhöhe
Ausländer_innenanteil,gesamt,"23,5",12322,52502,,,,Anzahl aller ausländischen Einwohner,Anzahl der gesamten Hauptwohnsitzbevölkerung,,,,2005,Stadtbezirk,5,05 Au - Haidhausen
Ausländer_innenanteil,gesamt,"21,8",17890,82156,,,,Anzahl aller ausländischen Einwohner,Anzahl der gesamten Hauptwohnsitzbevölkerung,,,,2005,Stadtbezirk,9,09 Neuhausen - Nymphenburg
Ausländer_innenanteil,gesamt,"18,7",7015,37560,,,,Anzahl aller ausländischen Einwohner,Anzahl der gesamten Hauptwohnsitzbevölkerung,,,,2005,Stadtbezirk,22,22 Aubing - Lochhausen - Langwied
Ausländer_innenanteil,gesamt,"15,8",8032,50990,,,,Anzahl aller ausländischen Einwohner,Anzahl der gesamten Hauptwohnsitzbevölkerung,,,,2005,Stadtbezirk,15,15 Trudering - Riem
Ausländer_innenanteil,gesamt,"22,9",14288,62430,,,,Anzahl aller ausländischen Einwohner,Anzahl der gesamten Hauptwohnsitzbevölkerung,,,,2006,Stadtbezirk,12,12 Schwabing - Freimann
Ausländer_innenanteil,gesamt,"34,9",23355,66992,,,,Anzahl aller ausländischen Einwohner,Anzahl der gesamten Hauptwohnsitzbevölkerung,,,,2006,Stadtbezirk,11,11 Milbertshofen - Am Hart
Ausländer_innenanteil,gesamt,27,27689,102689,,,,Anzahl aller ausländischen Einwohner,Anzahl der gesamten Hauptwohnsitzbevölkerung,,,,2006,Stadtbezirk,16,16 Ramersdorf - Perlach
Ausländer_innenanteil,gesamt,"25,6",9518,37146,,,,Anzahl aller ausländischen Einwohner,Anzahl der gesamten Hauptwohnsitzbevölkerung,,,,2006,Stadtbezirk,6,06 Sendling
Ausländer_innenanteil,gesamt,"23,1",11746,50903,,,,Anzahl aller ausländischen Einwohner,Anzahl der gesamten Hauptwohnsitzbevölkerung,,,,2006,Stadtbezirk,7,07 Sendling - Westpark
Ausländer_innenanteil,gesamt,23,304445,1326206,,,,Anzahl aller ausländischen Einwohner,Anzahl der gesamten Hauptwohnsitzbevölkerung,,,,2006,Gesamtstadt,#100,Stadt München
Ausländer_innenanteil,gesamt,36,9393,26103,,,,Anzahl aller ausländischen Einwohner,Anzahl der gesamten Hauptwohnsitzbevölkerung,,,,2006,Stadtbezirk,8,08 Schwanthalerhöhe
Ausländer_innenanteil,gesamt,"18,5",7018,37857,,,,Anzahl aller ausländischen Einwohner,Anzahl der gesamten Hauptwohnsitzbevölkerung,,,,2006,Stadtbezirk,22,22 Aubing - Lochhausen - Langwied
Ausländer_innenanteil,gesamt,"16,2",4498,27730,,,,Anzahl aller ausländischen Einwohner,Anzahl der gesamten Hauptwohnsitzbevölkerung,,,,2006,Stadtbezirk,23,23 Allach - Untermenzing
Ausländer_innenanteil,gesamt,"17,1",10900,63763,,,,Anzahl aller ausländischen Einwohner,Anzahl der gesamten Hauptwohnsitzbevölkerung,,,,2006,Stadtbezirk,21,21 Pasing - Obermenzing
Ausländer_innenanteil,gesamt,"20,5",9218,44993,,,,Anzahl aller ausländischen Einwohner,Anzahl der gesamten Hauptwohnsitzbevölkerung,,,,2006,Stadtbezirk,20,20 Hadern
Ausländer_innenanteil,gesamt,"21,4",10715,50028,,,,Anzahl aller ausländischen Einwohner,Anzahl der gesamten Hauptwohnsitzbevölkerung,,,,2006,Stadtbezirk,25,25 Laim
Ausländer_innenanteil,gesamt,"16,2",8723,53915,,,,Anzahl aller ausländischen Einwohner,Anzahl der gesamten Hauptwohnsitzbevölkerung,,,,2006,Stadtbezirk,15,15 Trudering - Riem
Ausländer_innenanteil,gesamt,26,10125,38995,,,,Anzahl aller ausländischen Einwohner,Anzahl der gesamten Hauptwohnsitzbevölkerung,,,,2006,Stadtbezirk,14,14 Berg am Laim
Ausländer_innenanteil,gesamt,22,4154,18876,,,,Anzahl aller ausländischen Einwohner,Anzahl der gesamten Hauptwohnsitzbevölkerung,,,,2006,Stadtbezirk,1,01 Altstadt - Lehel
Ausländer_innenanteil,gesamt,"23,5",10838,46058,,,,Anzahl aller ausländischen Einwohner,Anzahl der gesamten Hauptwohnsitzbevölkerung,,,,2006,Stadtbezirk,3,03 Maxvorstadt
Ausländer_innenanteil,gesamt,"21,3",18016,84604,,,,Anzahl aller ausländischen Einwohner,Anzahl der gesamten Hauptwohnsitzbevölkerung,,,,2006,Stadtbezirk,9,09 Neuhausen - Nymphenburg
Ausländer_innenanteil,gesamt,"22,7",12367,54382,,,,Anzahl aller ausländischen Einwohner,Anzahl der gesamten Hauptwohnsitzbevölkerung,,,,2006,Stadtbezirk,5,05 Au - Haidhausen
Ausländer_innenanteil,gesamt,"17,7",13419,75657,,,,Anzahl aller ausländischen Einwohner,Anzahl der gesamten Hauptwohnsitzbevölkerung,,,,2006,Stadtbezirk,13,13 Bogenhausen
Ausländer_innenanteil,gesamt,28,12797,45736,,,,Anzahl aller ausländischen Einwohner,Anzahl der gesamten Hauptwohnsitzbevölkerung,,,,2006,Stadtbezirk,2,02 Ludwigsvorstadt - Isarvorstadt
Ausländer_innenanteil,gesamt,"20,7",12323,59553,,,,Anzahl aller ausländischen Einwohner,Anzahl der gesamten Hauptwohnsitzbevölkerung,,,,2006,Stadtbezirk,4,04 Schwabing - West
Ausländer_innenanteil,gesamt,"19,4",9337,48075,,,,Anzahl aller ausländischen Einwohner,Anzahl der gesamten Hauptwohnsitzbevölkerung,,,,2006,Stadtbezirk,18,18 Untergiesing - Harlaching
Ausländer_innenanteil,gesamt,"25,7",13927,54245,,,,Anzahl aller ausländischen Einwohner,Anzahl der gesamten Hauptwohnsitzbevölkerung,,,,2006,Stadtbezirk,24,24 Feldmoching - Hasenbergl
Ausländer_innenanteil,gesamt,"27,5",12914,47007,,,,Anzahl aller ausländischen Einwohner,Anzahl der gesamten Hauptwohnsitzbevölkerung,,,,2006,Stadtbezirk,17,17 Obergiesing - Fasangarten
Ausländer_innenanteil,gesamt,"18,9",15219,80701,,,,Anzahl aller ausländischen Einwohner,Anzahl der gesamten Hauptwohnsitzbevölkerung,,,,2006,Stadtbezirk,19,19 Thalkirchen - Obersendling - Forstenried - Fürstenried - Solln
Ausländer_innenanteil,gesamt,25,11942,47754,,,,Anzahl aller ausländischen Einwohner,Anzahl der gesamten Hauptwohnsitzbevölkerung,,,,2006,Stadtbezirk,10,10 Moosach
Ausländer_innenanteil,gesamt,"19,3",15849,82283,,,,Anzahl aller ausländischen Einwohner,Anzahl der gesamten Hauptwohnsitzbevölkerung,,,,2007,Stadtbezirk,19,19 Thalkirchen - Obersendling - Forstenried - Fürstenried - Solln
Ausländer_innenanteil,gesamt,"21,8",11010,50600,,,,Anzahl aller ausländischen Einwohner,Anzahl der gesamten Hauptwohnsitzbevölkerung,,,,2007,Stadtbezirk,25,25 Laim
Ausländer_innenanteil,gesamt,23,311321,1351445,,,,Anzahl aller ausländischen Einwohner,Anzahl der gesamten Hauptwohnsitzbevölkerung,,,,2007,Gesamtstadt,#100,Stadt München
Ausländer_innenanteil,gesamt,"18,1",13892,76709,,,,Anzahl aller ausländischen Einwohner,Anzahl der gesamten Hauptwohnsitzbevölkerung,,,,2007,Stadtbezirk,13,13 Bogenhausen
Ausländer_innenanteil,gesamt,"21,2",9744,46059,,,,Anzahl aller ausländischen Einwohner,Anzahl der gesamten Hauptwohnsitzbevölkerung,,,,2007,Stadtbezirk,20,20 Hadern
Ausländer_innenanteil,gesamt,"16,3",9223,56487,,,,Anzahl aller ausländischen Einwohner,Anzahl der gesamten Hauptwohnsitzbevölkerung,,,,2007,Stadtbezirk,15,15 Trudering - Riem
Ausländer_innenanteil,gesamt,"19,7",9659,48990,,,,Anzahl aller ausländischen Einwohner,Anzahl der gesamten Hauptwohnsitzbevölkerung,,,,2007,Stadtbezirk,18,18 Untergiesing - Harlaching
Ausländer_innenanteil,gesamt,"22,9",11830,51745,,,,Anzahl aller ausländischen Einwohner,Anzahl der gesamten Hauptwohnsitzbevölkerung,,,,2007,Stadtbezirk,7,07 Sendling - Westpark
Ausländer_innenanteil,gesamt,"25,7",9732,37940,,,,Anzahl aller ausländischen Einwohner,Anzahl der gesamten Hauptwohnsitzbevölkerung,,,,2007,Stadtbezirk,6,06 Sendling
Ausländer_innenanteil,gesamt,"27,5",13153,47791,,,,Anzahl aller ausländischen Einwohner,Anzahl der gesamten Hauptwohnsitzbevölkerung,,,,2007,Stadtbezirk,17,17 Obergiesing - Fasangarten
Ausländer_innenanteil,gesamt,"35,3",9491,26877,,,,Anzahl aller ausländischen Einwohner,Anzahl der gesamten Hauptwohnsitzbevölkerung,,,,2007,Stadtbezirk,8,08 Schwanthalerhöhe
Ausländer_innenanteil,gesamt,"18,6",7082,38091,,,,Anzahl aller ausländischen Einwohner,Anzahl der gesamten Hauptwohnsitzbevölkerung,,,,2007,Stadtbezirk,22,22 Aubing - Lochhausen - Langwied
Ausländer_innenanteil,gesamt,"16,1",4540,28165,,,,Anzahl aller ausländischen Einwohner,Anzahl der gesamten Hauptwohnsitzbevölkerung,,,,2007,Stadtbezirk,23,23 Allach - Untermenzing
Ausländer_innenanteil,gesamt,"35,2",23903,67864,,,,Anzahl aller ausländischen Einwohner,Anzahl der gesamten Hauptwohnsitzbevölkerung,,,,2007,Stadtbezirk,11,11 Milbertshofen - Am Hart
Ausländer_innenanteil,gesamt,"25,2",12192,48306,,,,Anzahl aller ausländischen Einwohner,Anzahl der gesamten Hauptwohnsitzbevölkerung,,,,2007,Stadtbezirk,10,10 Moosach
Ausländer_innenanteil,gesamt,"23,3",11111,47711,,,,Anzahl aller ausländischen Einwohner,Anzahl der gesamten Hauptwohnsitzbevölkerung,,,,2007,Stadtbezirk,3,03 Maxvorstadt
Ausländer_innenanteil,gesamt,"26,4",10521,39783,,,,Anzahl aller ausländischen Einwohner,Anzahl der gesamten Hauptwohnsitzbevölkerung,,,,2007,Stadtbezirk,14,14 Berg am Laim
Ausländer_innenanteil,gesamt,"17,1",11067,64773,,,,Anzahl aller ausländischen Einwohner,Anzahl der gesamten Hauptwohnsitzbevölkerung,,,,2007,Stadtbezirk,21,21 Pasing - Obermenzing
Ausländer_innenanteil,gesamt,"22,8",14542,63832,,,,Anzahl aller ausländischen Einwohner,Anzahl der gesamten Hauptwohnsitzbevölkerung,,,,2007,Stadtbezirk,12,12 Schwabing - Freimann
Ausländer_innenanteil,gesamt,"21,1",18118,85964,,,,Anzahl aller ausländischen Einwohner,Anzahl der gesamten Hauptwohnsitzbevölkerung,,,,2007,Stadtbezirk,9,09 Neuhausen - Nymphenburg
Ausländer_innenanteil,gesamt,"27,1",28005,103447,,,,Anzahl aller ausländischen Einwohner,Anzahl der gesamten Hauptwohnsitzbevölkerung,,,,2007,Stadtbezirk,16,16 Ramersdorf - Perlach
Ausländer_innenanteil,gesamt,"20,6",12653,61514,,,,Anzahl aller ausländischen Einwohner,Anzahl der gesamten Hauptwohnsitzbevölkerung,,,,2007,Stadtbezirk,4,04 Schwabing - West
Ausländer_innenanteil,gesamt,"22,2",12247,55288,,,,Anzahl aller ausländischen Einwohner,Anzahl der gesamten Hauptwohnsitzbevölkerung,,,,2007,Stadtbezirk,5,05 Au - Haidhausen
Ausländer_innenanteil,gesamt,"26,4",14642,55475,,,,Anzahl aller ausländischen Einwohner,Anzahl der gesamten Hauptwohnsitzbevölkerung,,,,2007,Stadtbezirk,24,24 Feldmoching - Hasenbergl
Ausländer_innenanteil,gesamt,"22,3",4290,19228,,,,Anzahl aller ausländischen Einwohner,Anzahl der gesamten Hauptwohnsitzbevölkerung,,,,2007,Stadtbezirk,1,01 Altstadt - Lehel
Ausländer_innenanteil,gesamt,"27,6",12824,46520,,,,Anzahl aller ausländischen Einwohner,Anzahl der gesamten Hauptwohnsitzbevölkerung,,,,2007,Stadtbezirk,2,02 Ludwigsvorstadt - Isarvorstadt
Ausländer_innenanteil,gesamt,"35,3",24105,68198,,,,Anzahl aller ausländischen Einwohner,Anzahl der gesamten Hauptwohnsitzbevölkerung,,,,2008,Stadtbezirk,11,11 Milbertshofen - Am Hart
Ausländer_innenanteil,gesamt,"19,3",15964,82771,,,,Anzahl aller ausländischen Einwohner,Anzahl der gesamten Hauptwohnsitzbevölkerung,,,,2008,Stadtbezirk,19,19 Thalkirchen - Obersendling - Forstenried - Fürstenried - Solln
Ausländer_innenanteil,gesamt,"18,3",14097,77112,,,,Anzahl aller ausländischen Einwohner,Anzahl der gesamten Hauptwohnsitzbevölkerung,,,,2008,Stadtbezirk,13,13 Bogenhausen
Ausländer_innenanteil,gesamt,"27,4",13042,47599,,,,Anzahl aller ausländischen Einwohner,Anzahl der gesamten Hauptwohnsitzbevölkerung,,,,2008,Stadtbezirk,2,02 Ludwigsvorstadt - Isarvorstadt
Ausländer_innenanteil,gesamt,"27,7",13394,48282,,,,Anzahl aller ausländischen Einwohner,Anzahl der gesamten Hauptwohnsitzbevölkerung,,,,2008,Stadtbezirk,17,17 Obergiesing - Fasangarten
Ausländer_innenanteil,gesamt,"25,4",9730,38335,,,,Anzahl aller ausländischen Einwohner,Anzahl der gesamten Hauptwohnsitzbevölkerung,,,,2008,Stadtbezirk,6,06 Sendling
Ausländer_innenanteil,gesamt,"35,3",9819,27778,,,,Anzahl aller ausländischen Einwohner,Anzahl der gesamten Hauptwohnsitzbevölkerung,,,,2008,Stadtbezirk,8,08 Schwanthalerhöhe
Ausländer_innenanteil,gesamt,"18,8",7213,38327,,,,Anzahl aller ausländischen Einwohner,Anzahl der gesamten Hauptwohnsitzbevölkerung,,,,2008,Stadtbezirk,22,22 Aubing - Lochhausen - Langwied
Ausländer_innenanteil,gesamt,"16,1",4646,28796,,,,Anzahl aller ausländischen Einwohner,Anzahl der gesamten Hauptwohnsitzbevölkerung,,,,2008,Stadtbezirk,23,23 Allach - Untermenzing
Ausländer_innenanteil,gesamt,"26,8",10746,40038,,,,Anzahl aller ausländischen Einwohner,Anzahl der gesamten Hauptwohnsitzbevölkerung,,,,2008,Stadtbezirk,14,14 Berg am Laim
Ausländer_innenanteil,gesamt,"20,2",12635,62541,,,,Anzahl aller ausländischen Einwohner,Anzahl der gesamten Hauptwohnsitzbevölkerung,,,,2008,Stadtbezirk,4,04 Schwabing - West
Ausländer_innenanteil,gesamt,"16,7",9876,59031,,,,Anzahl aller ausländischen Einwohner,Anzahl der gesamten Hauptwohnsitzbevölkerung,,,,2008,Stadtbezirk,15,15 Trudering - Riem
Ausländer_innenanteil,gesamt,"27,5",28602,104089,,,,Anzahl aller ausländischen Einwohner,Anzahl der gesamten Hauptwohnsitzbevölkerung,,,,2008,Stadtbezirk,16,16 Ramersdorf - Perlach
Ausländer_innenanteil,gesamt,"25,5",12352,48451,,,,Anzahl aller ausländischen Einwohner,Anzahl der gesamten Hauptwohnsitzbevölkerung,,,,2008,Stadtbezirk,10,10 Moosach
Ausländer_innenanteil,gesamt,23,12011,52257,,,,Anzahl aller ausländischen Einwohner,Anzahl der gesamten Hauptwohnsitzbevölkerung,,,,2008,Stadtbezirk,7,07 Sendling - Westpark
Ausländer_innenanteil,gesamt,"23,1",11304,48884,,,,Anzahl aller ausländischen Einwohner,Anzahl der gesamten Hauptwohnsitzbevölkerung,,,,2008,Stadtbezirk,3,03 Maxvorstadt
Ausländer_innenanteil,gesamt,"26,6",14780,55667,,,,Anzahl aller ausländischen Einwohner,Anzahl der gesamten Hauptwohnsitzbevölkerung,,,,2008,Stadtbezirk,24,24 Feldmoching - Hasenbergl
Ausländer_innenanteil,gesamt,"22,5",4386,19505,,,,Anzahl aller ausländischen Einwohner,Anzahl der gesamten Hauptwohnsitzbevölkerung,,,,2008,Stadtbezirk,1,01 Altstadt - Lehel
Ausländer_innenanteil,gesamt,"19,8",9765,49391,,,,Anzahl aller ausländischen Einwohner,Anzahl der gesamten Hauptwohnsitzbevölkerung,,,,2008,Stadtbezirk,18,18 Untergiesing - Harlaching
Ausländer_innenanteil,gesamt,"16,9",11025,65290,,,,Anzahl aller ausländischen Einwohner,Anzahl der gesamten Hauptwohnsitzbevölkerung,,,,2008,Stadtbezirk,21,21 Pasing - Obermenzing
Ausländer_innenanteil,gesamt,"22,7",14581,64350,,,,Anzahl aller ausländischen Einwohner,Anzahl der gesamten Hauptwohnsitzbevölkerung,,,,2008,Stadtbezirk,12,12 Schwabing - Freimann
Ausländer_innenanteil,gesamt,"21,4",9947,46385,,,,Anzahl aller ausländischen Einwohner,Anzahl der gesamten Hauptwohnsitzbevölkerung,,,,2008,Stadtbezirk,20,20 Hadern
Ausländer_innenanteil,gesamt,"21,8",11209,51329,,,,Anzahl aller ausländischen Einwohner,Anzahl der gesamten Hauptwohnsitzbevölkerung,,,,2008,Stadtbezirk,25,25 Laim
Ausländer_innenanteil,gesamt,"21,9",12247,55853,,,,Anzahl aller ausländischen Einwohner,Anzahl der gesamten Hauptwohnsitzbevölkerung,,,,2008,Stadtbezirk,5,05 Au - Haidhausen
Ausländer_innenanteil,gesamt,"23,1",315924,1367314,,,,Anzahl aller ausländischen Einwohner,Anzahl der gesamten Hauptwohnsitzbevölkerung,,,,2008,Gesamtstadt,#100,Stadt München
Ausländer_innenanteil,gesamt,"21,2",18436,87043,,,,Anzahl aller ausländischen Einwohner,Anzahl der gesamten Hauptwohnsitzbevölkerung,,,,2008,Stadtbezirk,9,09 Neuhausen - Nymphenburg
Ausländer_innenanteil,gesamt,"25,7",11944,46446,,,,Anzahl aller ausländischen Einwohner,Anzahl der gesamten Hauptwohnsitzbevölkerung,,,,2009,Stadtbezirk,2,02 Ludwigsvorstadt - Isarvorstadt
Ausländer_innenanteil,gesamt,"22,7",11825,52185,,,,Anzahl aller ausländischen Einwohner,Anzahl der gesamten Hauptwohnsitzbevölkerung,,,,2009,Stadtbezirk,7,07 Sendling - Westpark
Ausländer_innenanteil,gesamt,"18,7",7157,38268,,,,Anzahl aller ausländischen Einwohner,Anzahl der gesamten Hauptwohnsitzbevölkerung,,,,2009,Stadtbezirk,22,22 Aubing - Lochhausen - Langwied
Ausländer_innenanteil,gesamt,"21,5",9973,46490,,,,Anzahl aller ausländischen Einwohner,Anzahl der gesamten Hauptwohnsitzbevölkerung,,,,2009,Stadtbezirk,20,20 Hadern
Ausländer_innenanteil,gesamt,19,15647,82482,,,,Anzahl aller ausländischen Einwohner,Anzahl der gesamten Hauptwohnsitzbevölkerung,,,,2009,Stadtbezirk,19,19 Thalkirchen - Obersendling - Forstenried - Fürstenried - Solln
Ausländer_innenanteil,gesamt,"26,6",10579,39787,,,,Anzahl aller ausländischen Einwohner,Anzahl der gesamten Hauptwohnsitzbevölkerung,,,,2009,Stadtbezirk,14,14 Berg am Laim
Ausländer_innenanteil,gesamt,"15,6",4480,28732,,,,Anzahl aller ausländischen Einwohner,Anzahl der gesamten Hauptwohnsitzbevölkerung,,,,2009,Stadtbezirk,23,23 Allach - Untermenzing
Ausländer_innenanteil,gesamt,"16,5",10792,65279,,,,Anzahl aller ausländischen Einwohner,Anzahl der gesamten Hauptwohnsitzbevölkerung,,,,2009,Stadtbezirk,21,21 Pasing - Obermenzing
Ausländer_innenanteil,gesamt,"17,8",13628,76684,,,,Anzahl aller ausländischen Einwohner,Anzahl der gesamten Hauptwohnsitzbevölkerung,,,,2009,Stadtbezirk,13,13 Bogenhausen
Ausländer_innenanteil,gesamt,"25,9",14265,55180,,,,Anzahl aller ausländischen Einwohner,Anzahl der gesamten Hauptwohnsitzbevölkerung,,,,2009,Stadtbezirk,24,24 Feldmoching - Hasenbergl
Ausländer_innenanteil,gesamt,"20,7",3925,18932,,,,Anzahl aller ausländischen Einwohner,Anzahl der gesamten Hauptwohnsitzbevölkerung,,,,2009,Stadtbezirk,1,01 Altstadt - Lehel
Ausländer_innenanteil,gesamt,"22,4",10888,48619,,,,Anzahl aller ausländischen Einwohner,Anzahl der gesamten Hauptwohnsitzbevölkerung,,,,2009,Stadtbezirk,3,03 Maxvorstadt
Ausländer_innenanteil,gesamt,"27,7",13407,48425,,,,Anzahl aller ausländischen Einwohner,Anzahl der gesamten Hauptwohnsitzbevölkerung,,,,2009,Stadtbezirk,17,17 Obergiesing - Fasangarten
Ausländer_innenanteil,gesamt,"34,8",23683,68023,,,,Anzahl aller ausländischen Einwohner,Anzahl der gesamten Hauptwohnsitzbevölkerung,,,,2009,Stadtbezirk,11,11 Milbertshofen - Am Hart
Ausländer_innenanteil,gesamt,"27,3",28340,103732,,,,Anzahl aller ausländischen Einwohner,Anzahl der gesamten Hauptwohnsitzbevölkerung,,,,2009,Stadtbezirk,16,16 Ramersdorf - Perlach
Ausländer_innenanteil,gesamt,"22,6",308569,1364194,,,,Anzahl aller ausländischen Einwohner,Anzahl der gesamten Hauptwohnsitzbevölkerung,,,,2009,Gesamtstadt,#100,Stadt München
Ausländer_innenanteil,gesamt,"21,2",11765,55590,,,,Anzahl aller ausländischen Einwohner,Anzahl der gesamten Hauptwohnsitzbevölkerung,,,,2009,Stadtbezirk,5,05 Au - Haidhausen
Ausländer_innenanteil,gesamt,"33,6",9358,27814,,,,Anzahl aller ausländischen Einwohner,Anzahl der gesamten Hauptwohnsitzbevölkerung,,,,2009,Stadtbezirk,8,08 Schwanthalerhöhe
Ausländer_innenanteil,gesamt,"18,9",9263,48911,,,,Anzahl aller ausländischen Einwohner,Anzahl der gesamten Hauptwohnsitzbevölkerung,,,,2009,Stadtbezirk,18,18 Untergiesing - Harlaching
Ausländer_innenanteil,gesamt,"19,6",12181,62028,,,,Anzahl aller ausländischen Einwohner,Anzahl der gesamten Hauptwohnsitzbevölkerung,,,,2009,Stadtbezirk,4,04 Schwabing - West
Ausländer_innenanteil,gesamt,"24,3",9250,38112,,,,Anzahl aller ausländischen Einwohner,Anzahl der gesamten Hauptwohnsitzbevölkerung,,,,2009,Stadtbezirk,6,06 Sendling
Ausländer_innenanteil,gesamt,"20,7",18147,87846,,,,Anzahl aller ausländischen Einwohner,Anzahl der gesamten Hauptwohnsitzbevölkerung,,,,2009,Stadtbezirk,9,09 Neuhausen - Nymphenburg
Ausländer_innenanteil,gesamt,26,12679,48692,,,,Anzahl aller ausländischen Einwohner,Anzahl der gesamten Hauptwohnsitzbevölkerung,,,,2009,Stadtbezirk,10,10 Moosach
Ausländer_innenanteil,gesamt,"21,5",11059,51338,,,,Anzahl aller ausländischen Einwohner,Anzahl der gesamten Hauptwohnsitzbevölkerung,,,,2009,Stadtbezirk,25,25 Laim
Ausländer_innenanteil,gesamt,17,10321,60879,,,,Anzahl aller ausländischen Einwohner,Anzahl der gesamten Hauptwohnsitzbevölkerung,,,,2009,Stadtbezirk,15,15 Trudering - Riem
Ausländer_innenanteil,gesamt,22,14013,63720,,,,Anzahl aller ausländischen Einwohner,Anzahl der gesamten Hauptwohnsitzbevölkerung,,,,2009,Stadtbezirk,12,12 Schwabing - Freimann
Ausländer_innenanteil,gesamt,"35,3",24373,68970,,,,Anzahl aller ausländischen Einwohner,Anzahl der gesamten Hauptwohnsitzbevölkerung,,,,2010,Stadtbezirk,11,11 Milbertshofen - Am Hart
Ausländer_innenanteil,gesamt,"20,7",18464,89286,,,,Anzahl aller ausländischen Einwohner,Anzahl der gesamten Hauptwohnsitzbevölkerung,,,,2010,Stadtbezirk,9,09 Neuhausen - Nymphenburg
Ausländer_innenanteil,gesamt,"19,7",16467,83584,,,,Anzahl aller ausländischen Einwohner,Anzahl der gesamten Hauptwohnsitzbevölkerung,,,,2010,Stadtbezirk,19,19 Thalkirchen - Obersendling - Forstenried - Fürstenried - Solln
Ausländer_innenanteil,gesamt,"16,9",11221,66244,,,,Anzahl aller ausländischen Einwohner,Anzahl der gesamten Hauptwohnsitzbevölkerung,,,,2010,Stadtbezirk,21,21 Pasing - Obermenzing
Ausländer_innenanteil,gesamt,"17,7",11078,62756,,,,Anzahl aller ausländischen Einwohner,Anzahl der gesamten Hauptwohnsitzbevölkerung,,,,2010,Stadtbezirk,15,15 Trudering - Riem
Ausländer_innenanteil,gesamt,27,10960,40550,,,,Anzahl aller ausländischen Einwohner,Anzahl der gesamten Hauptwohnsitzbevölkerung,,,,2010,Stadtbezirk,14,14 Berg am Laim
Ausländer_innenanteil,gesamt,"33,2",9286,28004,,,,Anzahl aller ausländischen Einwohner,Anzahl der gesamten Hauptwohnsitzbevölkerung,,,,2010,Stadtbezirk,8,08 Schwanthalerhöhe
Ausländer_innenanteil,gesamt,"19,9",12481,62856,,,,Anzahl aller ausländischen Einwohner,Anzahl der gesamten Hauptwohnsitzbevölkerung,,,,2010,Stadtbezirk,4,04 Schwabing - West
Ausländer_innenanteil,gesamt,"21,5",10076,46851,,,,Anzahl aller ausländischen Einwohner,Anzahl der gesamten Hauptwohnsitzbevölkerung,,,,2010,Stadtbezirk,20,20 Hadern
Ausländer_innenanteil,gesamt,"15,9",4639,29161,,,,Anzahl aller ausländischen Einwohner,Anzahl der gesamten Hauptwohnsitzbevölkerung,,,,2010,Stadtbezirk,23,23 Allach - Untermenzing
Ausländer_innenanteil,gesamt,"26,8",15015,56130,,,,Anzahl aller ausländischen Einwohner,Anzahl der gesamten Hauptwohnsitzbevölkerung,,,,2010,Stadtbezirk,24,24 Feldmoching - Hasenbergl
Ausländer_innenanteil,gesamt,"24,2",9344,38567,,,,Anzahl aller ausländischen Einwohner,Anzahl der gesamten Hauptwohnsitzbevölkerung,,,,2010,Stadtbezirk,6,06 Sendling
Ausländer_innenanteil,gesamt,"22,2",10865,48875,,,,Anzahl aller ausländischen Einwohner,Anzahl der gesamten Hauptwohnsitzbevölkerung,,,,2010,Stadtbezirk,3,03 Maxvorstadt
Ausländer_innenanteil,gesamt,"19,5",7574,38863,,,,Anzahl aller ausländischen Einwohner,Anzahl der gesamten Hauptwohnsitzbevölkerung,,,,2010,Stadtbezirk,22,22 Aubing - Lochhausen - Langwied
Ausländer_innenanteil,gesamt,21,4039,19207,,,,Anzahl aller ausländischen Einwohner,Anzahl der gesamten Hauptwohnsitzbevölkerung,,,,2010,Stadtbezirk,1,01 Altstadt - Lehel
Ausländer_innenanteil,gesamt,"21,2",11968,56322,,,,Anzahl aller ausländischen Einwohner,Anzahl der gesamten Hauptwohnsitzbevölkerung,,,,2010,Stadtbezirk,5,05 Au - Haidhausen
Ausländer_innenanteil,gesamt,18,13987,77542,,,,Anzahl aller ausländischen Einwohner,Anzahl der gesamten Hauptwohnsitzbevölkerung,,,,2010,Stadtbezirk,13,13 Bogenhausen
Ausländer_innenanteil,gesamt,26,12567,48421,,,,Anzahl aller ausländischen Einwohner,Anzahl der gesamten Hauptwohnsitzbevölkerung,,,,2010,Stadtbezirk,10,10 Moosach
Ausländer_innenanteil,gesamt,"19,3",9574,49502,,,,Anzahl aller ausländischen Einwohner,Anzahl der gesamten Hauptwohnsitzbevölkerung,,,,2010,Stadtbezirk,18,18 Untergiesing - Harlaching
Ausländer_innenanteil,gesamt,28,29308,104737,,,,Anzahl aller ausländischen Einwohner,Anzahl der gesamten Hauptwohnsitzbevölkerung,,,,2010,Stadtbezirk,16,16 Ramersdorf - Perlach
Ausländer_innenanteil,gesamt,"25,9",12255,47357,,,,Anzahl aller ausländischen Einwohner,Anzahl der gesamten Hauptwohnsitzbevölkerung,,,,2010,Stadtbezirk,2,02 Ludwigsvorstadt - Isarvorstadt
Ausländer_innenanteil,gesamt,"23,3",12220,52495,,,,Anzahl aller ausländischen Einwohner,Anzahl der gesamten Hauptwohnsitzbevölkerung,,,,2010,Stadtbezirk,7,07 Sendling - Westpark
Ausländer_innenanteil,gesamt,23,317454,1382273,,,,Anzahl aller ausländischen Einwohner,Anzahl der gesamten Hauptwohnsitzbevölkerung,,,,2010,Gesamtstadt,#100,Stadt München
Ausländer_innenanteil,gesamt,"21,9",11356,51805,,,,Anzahl aller ausländischen Einwohner,Anzahl der gesamten Hauptwohnsitzbevölkerung,,,,2010,Stadtbezirk,25,25 Laim
Ausländer_innenanteil,gesamt,"22,5",14672,65158,,,,Anzahl aller ausländischen Einwohner,Anzahl der gesamten Hauptwohnsitzbevölkerung,,,,2010,Stadtbezirk,12,12 Schwabing - Freimann
Ausländer_innenanteil,gesamt,"27,9",13665,49030,,,,Anzahl aller ausländischen Einwohner,Anzahl der gesamten Hauptwohnsitzbevölkerung,,,,2010,Stadtbezirk,17,17 Obergiesing - Fasangarten
Ausländer_innenanteil,gesamt,22,10419,47459,,,,Anzahl aller ausländischen Einwohner,Anzahl der gesamten Hauptwohnsitzbevölkerung,,,,2011,Stadtbezirk,20,20 Hadern
Ausländer_innenanteil,gesamt,"24,8",9678,39002,,,,Anzahl aller ausländischen Einwohner,Anzahl der gesamten Hauptwohnsitzbevölkerung,,,,2011,Stadtbezirk,6,06 Sendling
Ausländer_innenanteil,gesamt,"23,3",15521,66706,,,,Anzahl aller ausländischen Einwohner,Anzahl der gesamten Hauptwohnsitzbevölkerung,,,,2011,Stadtbezirk,12,12 Schwabing - Freimann
Ausländer_innenanteil,gesamt,"21,5",19848,92139,,,,Anzahl aller ausländischen Einwohner,Anzahl der gesamten Hauptwohnsitzbevölkerung,,,,2011,Stadtbezirk,9,09 Neuhausen - Nymphenburg
Ausländer_innenanteil,gesamt,"27,4",15689,57183,,,,Anzahl aller ausländischen Einwohner,Anzahl der gesamten Hauptwohnsitzbevölkerung,,,,2011,Stadtbezirk,24,24 Feldmoching - Hasenbergl
Ausländer_innenanteil,gesamt,"18,8",14913,79175,,,,Anzahl aller ausländischen Einwohner,Anzahl der gesamten Hauptwohnsitzbevölkerung,,,,2011,Stadtbezirk,13,13 Bogenhausen
Ausländer_innenanteil,gesamt,"36,2",25517,70470,,,,Anzahl aller ausländischen Einwohner,Anzahl der gesamten Hauptwohnsitzbevölkerung,,,,2011,Stadtbezirk,11,11 Milbertshofen - Am Hart
Ausländer_innenanteil,gesamt,"22,9",11356,49498,,,,Anzahl aller ausländischen Einwohner,Anzahl der gesamten Hauptwohnsitzbevölkerung,,,,2011,Stadtbezirk,3,03 Maxvorstadt
Ausländer_innenanteil,gesamt,"20,2",12882,63644,,,,Anzahl aller ausländischen Einwohner,Anzahl der gesamten Hauptwohnsitzbevölkerung,,,,2011,Stadtbezirk,4,04 Schwabing - West
Ausländer_innenanteil,gesamt,"20,2",10179,50455,,,,Anzahl aller ausländischen Einwohner,Anzahl der gesamten Hauptwohnsitzbevölkerung,,,,2011,Stadtbezirk,18,18 Untergiesing - Harlaching
Ausländer_innenanteil,gesamt,"22,8",12009,52733,,,,Anzahl aller ausländischen Einwohner,Anzahl der gesamten Hauptwohnsitzbevölkerung,,,,2011,Stadtbezirk,25,25 Laim
Ausländer_innenanteil,gesamt,"28,8",30494,105900,,,,Anzahl aller ausländischen Einwohner,Anzahl der gesamten Hauptwohnsitzbevölkerung,,,,2011,Stadtbezirk,16,16 Ramersdorf - Perlach
Ausländer_innenanteil,gesamt,"28,6",14509,50656,,,,Anzahl aller ausländischen Einwohner,Anzahl der gesamten Hauptwohnsitzbevölkerung,,,,2011,Stadtbezirk,17,17 Obergiesing - Fasangarten
Ausländer_innenanteil,gesamt,"20,9",17844,85468,,,,Anzahl aller ausländischen Einwohner,Anzahl der gesamten Hauptwohnsitzbevölkerung,,,,2011,Stadtbezirk,19,19 Thalkirchen - Obersendling - Forstenried - Fürstenried - Solln
Ausländer_innenanteil,gesamt,"17,7",12014,67878,,,,Anzahl aller ausländischen Einwohner,Anzahl der gesamten Hauptwohnsitzbevölkerung,,,,2011,Stadtbezirk,21,21 Pasing - Obermenzing
Ausländer_innenanteil,gesamt,"20,3",8078,39789,,,,Anzahl aller ausländischen Einwohner,Anzahl der gesamten Hauptwohnsitzbevölkerung,,,,2011,Stadtbezirk,22,22 Aubing - Lochhausen - Langwied
Ausländer_innenanteil,gesamt,"21,7",12423,57297,,,,Anzahl aller ausländischen Einwohner,Anzahl der gesamten Hauptwohnsitzbevölkerung,,,,2011,Stadtbezirk,5,05 Au - Haidhausen
Ausländer_innenanteil,gesamt,"16,6",4933,29693,,,,Anzahl aller ausländischen Einwohner,Anzahl der gesamten Hauptwohnsitzbevölkerung,,,,2011,Stadtbezirk,23,23 Allach - Untermenzing
Ausländer_innenanteil,gesamt,"27,5",11358,41342,,,,Anzahl aller ausländischen Einwohner,Anzahl der gesamten Hauptwohnsitzbevölkerung,,,,2011,Stadtbezirk,14,14 Berg am Laim
Ausländer_innenanteil,gesamt,"26,2",12614,48231,,,,Anzahl aller ausländischen Einwohner,Anzahl der gesamten Hauptwohnsitzbevölkerung,,,,2011,Stadtbezirk,2,02 Ludwigsvorstadt - Isarvorstadt
Ausländer_innenanteil,gesamt,"22,1",4356,19707,,,,Anzahl aller ausländischen Einwohner,Anzahl der gesamten Hauptwohnsitzbevölkerung,,,,2011,Stadtbezirk,1,01 Altstadt - Lehel
Ausländer_innenanteil,gesamt,"24,2",12907,53271,,,,Anzahl aller ausländischen Einwohner,Anzahl der gesamten Hauptwohnsitzbevölkerung,,,,2011,Stadtbezirk,7,07 Sendling - Westpark
Ausländer_innenanteil,gesamt,"33,5",9603,28678,,,,Anzahl aller ausländischen Einwohner,Anzahl der gesamten Hauptwohnsitzbevölkerung,,,,2011,Stadtbezirk,8,08 Schwanthalerhöhe
Ausländer_innenanteil,gesamt,"27,2",13418,49384,,,,Anzahl aller ausländischen Einwohner,Anzahl der gesamten Hauptwohnsitzbevölkerung,,,,2011,Stadtbezirk,10,10 Moosach
Ausländer_innenanteil,gesamt,"23,7",334735,1410741,,,,Anzahl aller ausländischen Einwohner,Anzahl der gesamten Hauptwohnsitzbevölkerung,,,,2011,Gesamtstadt,#100,Stadt München
Ausländer_innenanteil,gesamt,"18,7",12173,64983,,,,Anzahl aller ausländischen Einwohner,Anzahl der gesamten Hauptwohnsitzbevölkerung,,,,2011,Stadtbezirk,15,15 Trudering - Riem
Ausländer_innenanteil,gesamt,"18,9",12466,65869,,,,Anzahl aller ausländischen Einwohner,Anzahl der gesamten Hauptwohnsitzbevölkerung,,,,2012,Stadtbezirk,15,15 Trudering - Riem
Ausländer_innenanteil,gesamt,"21,7",18895,87271,,,,Anzahl aller ausländischen Einwohner,Anzahl der gesamten Hauptwohnsitzbevölkerung,,,,2012,Stadtbezirk,19,19 Thalkirchen - Obersendling - Forstenried - Fürstenried - Solln
Ausländer_innenanteil,gesamt,"28,2",11933,42310,,,,Anzahl aller ausländischen Einwohner,Anzahl der gesamten Hauptwohnsitzbevölkerung,,,,2012,Stadtbezirk,14,14 Berg am Laim
Ausländer_innenanteil,gesamt,"23,6",4729,20048,,,,Anzahl aller ausländischen Einwohner,Anzahl der gesamten Hauptwohnsitzbevölkerung,,,,2012,Stadtbezirk,1,01 Altstadt - Lehel
Ausländer_innenanteil,gesamt,"27,4",13604,49657,,,,Anzahl aller ausländischen Einwohner,Anzahl der gesamten Hauptwohnsitzbevölkerung,,,,2012,Stadtbezirk,2,02 Ludwigsvorstadt - Isarvorstadt
Ausländer_innenanteil,gesamt,"22,2",13049,58881,,,,Anzahl aller ausländischen Einwohner,Anzahl der gesamten Hauptwohnsitzbevölkerung,,,,2012,Stadtbezirk,5,05 Au - Haidhausen
Ausländer_innenanteil,gesamt,"25,4",13829,54552,,,,Anzahl aller ausländischen Einwohner,Anzahl der gesamten Hauptwohnsitzbevölkerung,,,,2012,Stadtbezirk,7,07 Sendling - Westpark
Ausländer_innenanteil,gesamt,"29,1",14909,51183,,,,Anzahl aller ausländischen Einwohner,Anzahl der gesamten Hauptwohnsitzbevölkerung,,,,2012,Stadtbezirk,17,17 Obergiesing - Fasangarten
Ausländer_innenanteil,gesamt,"27,9",14038,50253,,,,Anzahl aller ausländischen Einwohner,Anzahl der gesamten Hauptwohnsitzbevölkerung,,,,2012,Stadtbezirk,10,10 Moosach
Ausländer_innenanteil,gesamt,"25,5",10088,39567,,,,Anzahl aller ausländischen Einwohner,Anzahl der gesamten Hauptwohnsitzbevölkerung,,,,2012,Stadtbezirk,6,06 Sendling
Ausländer_innenanteil,gesamt,"17,8",5396,30393,,,,Anzahl aller ausländischen Einwohner,Anzahl der gesamten Hauptwohnsitzbevölkerung,,,,2012,Stadtbezirk,23,23 Allach - Untermenzing
Ausländer_innenanteil,gesamt,20,16166,80816,,,,Anzahl aller ausländischen Einwohner,Anzahl der gesamten Hauptwohnsitzbevölkerung,,,,2012,Stadtbezirk,13,13 Bogenhausen
Ausländer_innenanteil,gesamt,"18,6",12882,69295,,,,Anzahl aller ausländischen Einwohner,Anzahl der gesamten Hauptwohnsitzbevölkerung,,,,2012,Stadtbezirk,21,21 Pasing - Obermenzing
Ausländer_innenanteil,gesamt,"24,6",353816,1439474,,,,Anzahl aller ausländischen Einwohner,Anzahl der gesamten Hauptwohnsitzbevölkerung,,,,2012,Gesamtstadt,#100,Stadt München
Ausländer_innenanteil,gesamt,"22,8",10914,47949,,,,Anzahl aller ausländischen Einwohner,Anzahl der gesamten Hauptwohnsitzbevölkerung,,,,2012,Stadtbezirk,20,20 Hadern
Ausländer_innenanteil,gesamt,"20,8",13462,64768,,,,Anzahl aller ausländischen Einwohner,Anzahl der gesamten Hauptwohnsitzbevölkerung,,,,2012,Stadtbezirk,4,04 Schwabing - West
Ausländer_innenanteil,gesamt,"37,5",27197,72506,,,,Anzahl aller ausländischen Einwohner,Anzahl der gesamten Hauptwohnsitzbevölkerung,,,,2012,Stadtbezirk,11,11 Milbertshofen - Am Hart
Ausländer_innenanteil,gesamt,"28,4",16556,58245,,,,Anzahl aller ausländischen Einwohner,Anzahl der gesamten Hauptwohnsitzbevölkerung,,,,2012,Stadtbezirk,24,24 Feldmoching - Hasenbergl
Ausländer_innenanteil,gesamt,24,12225,50877,,,,Anzahl aller ausländischen Einwohner,Anzahl der gesamten Hauptwohnsitzbevölkerung,,,,2012,Stadtbezirk,3,03 Maxvorstadt
Ausländer_innenanteil,gesamt,"20,8",10649,51180,,,,Anzahl aller ausländischen Einwohner,Anzahl der gesamten Hauptwohnsitzbevölkerung,,,,2012,Stadtbezirk,18,18 Untergiesing - Harlaching
Ausländer_innenanteil,gesamt,"22,4",21126,94257,,,,Anzahl aller ausländischen Einwohner,Anzahl der gesamten Hauptwohnsitzbevölkerung,,,,2012,Stadtbezirk,9,09 Neuhausen - Nymphenburg
Ausländer_innenanteil,gesamt,"24,2",16605,68530,,,,Anzahl aller ausländischen Einwohner,Anzahl der gesamten Hauptwohnsitzbevölkerung,,,,2012,Stadtbezirk,12,12 Schwabing - Freimann
Ausländer_innenanteil,gesamt,"23,8",12675,53359,,,,Anzahl aller ausländischen Einwohner,Anzahl der gesamten Hauptwohnsitzbevölkerung,,,,2012,Stadtbezirk,25,25 Laim
Ausländer_innenanteil,gesamt,"29,7",31778,107164,,,,Anzahl aller ausländischen Einwohner,Anzahl der gesamten Hauptwohnsitzbevölkerung,,,,2012,Stadtbezirk,16,16 Ramersdorf - Perlach
Ausländer_innenanteil,gesamt,"33,4",9814,29402,,,,Anzahl aller ausländischen Einwohner,Anzahl der gesamten Hauptwohnsitzbevölkerung,,,,2012,Stadtbezirk,8,08 Schwanthalerhöhe
Ausländer_innenanteil,gesamt,"21,4",8806,41116,,,,Anzahl aller ausländischen Einwohner,Anzahl der gesamten Hauptwohnsitzbevölkerung,,,,2012,Stadtbezirk,22,22 Aubing - Lochhausen - Langwied
Ausländer_innenanteil,gesamt,"21,4",14115,65892,,,,Anzahl aller ausländischen Einwohner,Anzahl der gesamten Hauptwohnsitzbevölkerung,,,,2013,Stadtbezirk,4,04 Schwabing - West
Ausländer_innenanteil,gesamt,"33,6",9974,29663,,,,Anzahl aller ausländischen Einwohner,Anzahl der gesamten Hauptwohnsitzbevölkerung,,,,2013,Stadtbezirk,8,08 Schwanthalerhöhe
Ausländer_innenanteil,gesamt,"22,3",9435,42305,,,,Anzahl aller ausländischen Einwohner,Anzahl der gesamten Hauptwohnsitzbevölkerung,,,,2013,Stadtbezirk,22,22 Aubing - Lochhausen - Langwied
Ausländer_innenanteil,gesamt,"21,9",11400,51937,,,,Anzahl aller ausländischen Einwohner,Anzahl der gesamten Hauptwohnsitzbevölkerung,,,,2013,Stadtbezirk,18,18 Untergiesing - Harlaching
Ausländer_innenanteil,gesamt,"38,4",28243,73617,,,,Anzahl aller ausländischen Einwohner,Anzahl der gesamten Hauptwohnsitzbevölkerung,,,,2013,Stadtbezirk,11,11 Milbertshofen - Am Hart
Ausländer_innenanteil,gesamt,"28,3",14346,50620,,,,Anzahl aller ausländischen Einwohner,Anzahl der gesamten Hauptwohnsitzbevölkerung,,,,2013,Stadtbezirk,2,02 Ludwigsvorstadt - Isarvorstadt
Ausländer_innenanteil,gesamt,"19,4",13023,67009,,,,Anzahl aller ausländischen Einwohner,Anzahl der gesamten Hauptwohnsitzbevölkerung,,,,2013,Stadtbezirk,15,15 Trudering - Riem
Ausländer_innenanteil,gesamt,26,10386,39953,,,,Anzahl aller ausländischen Einwohner,Anzahl der gesamten Hauptwohnsitzbevölkerung,,,,2013,Stadtbezirk,6,06 Sendling
Ausländer_innenanteil,gesamt,"29,2",15047,51499,,,,Anzahl aller ausländischen Einwohner,Anzahl der gesamten Hauptwohnsitzbevölkerung,,,,2013,Stadtbezirk,17,17 Obergiesing - Fasangarten
Ausländer_innenanteil,gesamt,"20,9",17126,82138,,,,Anzahl aller ausländischen Einwohner,Anzahl der gesamten Hauptwohnsitzbevölkerung,,,,2013,Stadtbezirk,13,13 Bogenhausen
Ausländer_innenanteil,gesamt,"30,4",32946,108244,,,,Anzahl aller ausländischen Einwohner,Anzahl der gesamten Hauptwohnsitzbevölkerung,,,,2013,Stadtbezirk,16,16 Ramersdorf - Perlach
Ausländer_innenanteil,gesamt,"18,4",5653,30737,,,,Anzahl aller ausländischen Einwohner,Anzahl der gesamten Hauptwohnsitzbevölkerung,,,,2013,Stadtbezirk,23,23 Allach - Untermenzing
Ausländer_innenanteil,gesamt,"25,4",17687,69676,,,,Anzahl aller ausländischen Einwohner,Anzahl der gesamten Hauptwohnsitzbevölkerung,,,,2013,Stadtbezirk,12,12 Schwabing - Freimann
Ausländer_innenanteil,gesamt,"26,1",14445,55405,,,,Anzahl aller ausländischen Einwohner,Anzahl der gesamten Hauptwohnsitzbevölkerung,,,,2013,Stadtbezirk,7,07 Sendling - Westpark
Ausländer_innenanteil,gesamt,"28,7",14805,51537,,,,Anzahl aller ausländischen Einwohner,Anzahl der gesamten Hauptwohnsitzbevölkerung,,,,2013,Stadtbezirk,10,10 Moosach
Ausländer_innenanteil,gesamt,"24,8",13392,54030,,,,Anzahl aller ausländischen Einwohner,Anzahl der gesamten Hauptwohnsitzbevölkerung,,,,2013,Stadtbezirk,25,25 Laim
Ausländer_innenanteil,gesamt,"28,9",12433,43068,,,,Anzahl aller ausländischen Einwohner,Anzahl der gesamten Hauptwohnsitzbevölkerung,,,,2013,Stadtbezirk,14,14 Berg am Laim
Ausländer_innenanteil,gesamt,"22,8",13629,59752,,,,Anzahl aller ausländischen Einwohner,Anzahl der gesamten Hauptwohnsitzbevölkerung,,,,2013,Stadtbezirk,5,05 Au - Haidhausen
Ausländer_innenanteil,gesamt,"19,5",13822,70783,,,,Anzahl aller ausländischen Einwohner,Anzahl der gesamten Hauptwohnsitzbevölkerung,,,,2013,Stadtbezirk,21,21 Pasing - Obermenzing
Ausländer_innenanteil,gesamt,23,22083,95906,,,,Anzahl aller ausländischen Einwohner,Anzahl der gesamten Hauptwohnsitzbevölkerung,,,,2013,Stadtbezirk,9,09 Neuhausen - Nymphenburg
Ausländer_innenanteil,gesamt,"25,4",372801,1464962,,,,Anzahl aller ausländischen Einwohner,Anzahl der gesamten Hauptwohnsitzbevölkerung,,,,2013,Gesamtstadt,#100,Stadt München
Ausländer_innenanteil,gesamt,"24,9",12878,51642,,,,Anzahl aller ausländischen Einwohner,Anzahl der gesamten Hauptwohnsitzbevölkerung,,,,2013,Stadtbezirk,3,03 Maxvorstadt
Ausländer_innenanteil,gesamt,"24,7",5053,20422,,,,Anzahl aller ausländischen Einwohner,Anzahl der gesamten Hauptwohnsitzbevölkerung,,,,2013,Stadtbezirk,1,01 Altstadt - Lehel
Ausländer_innenanteil,gesamt,"23,9",11715,48945,,,,Anzahl aller ausländischen Einwohner,Anzahl der gesamten Hauptwohnsitzbevölkerung,,,,2013,Stadtbezirk,20,20 Hadern
Ausländer_innenanteil,gesamt,"29,5",17522,59391,,,,Anzahl aller ausländischen Einwohner,Anzahl der gesamten Hauptwohnsitzbevölkerung,,,,2013,Stadtbezirk,24,24 Feldmoching - Hasenbergl
Ausländer_innenanteil,gesamt,"23,8",21642,90790,,,,Anzahl aller ausländischen Einwohner,Anzahl der gesamten Hauptwohnsitzbevölkerung,,,,2013,Stadtbezirk,19,19 Thalkirchen - Obersendling - Forstenried - Fürstenried - Solln
Ausländer_innenanteil,gesamt,"25,7",14049,54714,,,,Anzahl aller ausländischen Einwohner,Anzahl der gesamten Hauptwohnsitzbevölkerung,,,,2014,Stadtbezirk,25,25 Laim
Ausländer_innenanteil,gesamt,"30,2",15778,52177,,,,Anzahl aller ausländischen Einwohner,Anzahl der gesamten Hauptwohnsitzbevölkerung,,,,2014,Stadtbezirk,2,02 Ludwigsvorstadt - Isarvorstadt
Ausländer_innenanteil,gesamt,"23,4",14225,60756,,,,Anzahl aller ausländischen Einwohner,Anzahl der gesamten Hauptwohnsitzbevölkerung,,,,2014,Stadtbezirk,5,05 Au - Haidhausen
Ausländer_innenanteil,gesamt,"23,8",21777,91412,,,,Anzahl aller ausländischen Einwohner,Anzahl der gesamten Hauptwohnsitzbevölkerung,,,,2014,Stadtbezirk,19,19 Thalkirchen - Obersendling - Forstenried - Fürstenried - Solln
Ausländer_innenanteil,gesamt,"20,2",13747,68063,,,,Anzahl aller ausländischen Einwohner,Anzahl der gesamten Hauptwohnsitzbevölkerung,,,,2014,Stadtbezirk,15,15 Trudering - Riem
Ausländer_innenanteil,gesamt,34,10230,30083,,,,Anzahl aller ausländischen Einwohner,Anzahl der gesamten Hauptwohnsitzbevölkerung,,,,2014,Stadtbezirk,8,08 Schwanthalerhöhe
Ausländer_innenanteil,gesamt,"27,2",15354,56485,,,,Anzahl aller ausländischen Einwohner,Anzahl der gesamten Hauptwohnsitzbevölkerung,,,,2014,Stadtbezirk,7,07 Sendling - Westpark
Ausländer_innenanteil,gesamt,"30,1",15858,52743,,,,Anzahl aller ausländischen Einwohner,Anzahl der gesamten Hauptwohnsitzbevölkerung,,,,2014,Stadtbezirk,17,17 Obergiesing - Fasangarten
Ausländer_innenanteil,gesamt,"22,6",11839,52452,,,,Anzahl aller ausländischen Einwohner,Anzahl der gesamten Hauptwohnsitzbevölkerung,,,,2014,Stadtbezirk,18,18 Untergiesing - Harlaching
Ausländer_innenanteil,gesamt,"25,8",5371,20806,,,,Anzahl aller ausländischen Einwohner,Anzahl der gesamten Hauptwohnsitzbevölkerung,,,,2014,Stadtbezirk,1,01 Altstadt - Lehel
Ausländer_innenanteil,gesamt,"22,3",14959,67094,,,,Anzahl aller ausländischen Einwohner,Anzahl der gesamten Hauptwohnsitzbevölkerung,,,,2014,Stadtbezirk,4,04 Schwabing - West
Ausländer_innenanteil,gesamt,"39,2",29253,74667,,,,Anzahl aller ausländischen Einwohner,Anzahl der gesamten Hauptwohnsitzbevölkerung,,,,2014,Stadtbezirk,11,11 Milbertshofen - Am Hart
Ausländer_innenanteil,gesamt,"31,5",34699,110099,,,,Anzahl aller ausländischen Einwohner,Anzahl der gesamten Hauptwohnsitzbevölkerung,,,,2014,Stadtbezirk,16,16 Ramersdorf - Perlach
Ausländer_innenanteil,gesamt,"29,6",15606,52657,,,,Anzahl aller ausländischen Einwohner,Anzahl der gesamten Hauptwohnsitzbevölkerung,,,,2014,Stadtbezirk,10,10 Moosach
Ausländer_innenanteil,gesamt,"23,3",9996,42859,,,,Anzahl aller ausländischen Einwohner,Anzahl der gesamten Hauptwohnsitzbevölkerung,,,,2014,Stadtbezirk,22,22 Aubing - Lochhausen - Langwied
Ausländer_innenanteil,gesamt,26,13671,52575,,,,Anzahl aller ausländischen Einwohner,Anzahl der gesamten Hauptwohnsitzbevölkerung,,,,2014,Stadtbezirk,3,03 Maxvorstadt
Ausländer_innenanteil,gesamt,"19,5",6116,31353,,,,Anzahl aller ausländischen Einwohner,Anzahl der gesamten Hauptwohnsitzbevölkerung,,,,2014,Stadtbezirk,23,23 Allach - Untermenzing
Ausländer_innenanteil,gesamt,"26,4",393372,1490681,,,,Anzahl aller ausländischen Einwohner,Anzahl der gesamten Hauptwohnsitzbevölkerung,,,,2014,Gesamtstadt,#100,Stadt München
Ausländer_innenanteil,gesamt,"23,9",23309,97521,,,,Anzahl aller ausländischen Einwohner,Anzahl der gesamten Hauptwohnsitzbevölkerung,,,,2014,Stadtbezirk,9,09 Neuhausen - Nymphenburg
Ausländer_innenanteil,gesamt,"25,2",12587,49874,,,,Anzahl aller ausländischen Einwohner,Anzahl der gesamten Hauptwohnsitzbevölkerung,,,,2014,Stadtbezirk,20,20 Hadern
Ausländer_innenanteil,gesamt,"21,8",18286,83900,,,,Anzahl aller ausländischen Einwohner,Anzahl der gesamten Hauptwohnsitzbevölkerung,,,,2014,Stadtbezirk,13,13 Bogenhausen
Ausländer_innenanteil,gesamt,"20,5",14754,71880,,,,Anzahl aller ausländischen Einwohner,Anzahl der gesamten Hauptwohnsitzbevölkerung,,,,2014,Stadtbezirk,21,21 Pasing - Obermenzing
Ausländer_innenanteil,gesamt,"29,9",13141,44022,,,,Anzahl aller ausländischen Einwohner,Anzahl der gesamten Hauptwohnsitzbevölkerung,,,,2014,Stadtbezirk,14,14 Berg am Laim
Ausländer_innenanteil,gesamt,"26,7",10810,40422,,,,Anzahl aller ausländischen Einwohner,Anzahl der gesamten Hauptwohnsitzbevölkerung,,,,2014,Stadtbezirk,6,06 Sendling
Ausländer_innenanteil,gesamt,"30,4",18347,60262,,,,Anzahl aller ausländischen Einwohner,Anzahl der gesamten Hauptwohnsitzbevölkerung,,,,2014,Stadtbezirk,24,24 Feldmoching - Hasenbergl
Ausländer_innenanteil,gesamt,"27,3",19608,71802,,,,Anzahl aller ausländischen Einwohner,Anzahl der gesamten Hauptwohnsitzbevölkerung,,,,2014,Stadtbezirk,12,12 Schwabing - Freimann
Ausländer_innenanteil,gesamt,23,15781,68527,,,,Anzahl aller ausländischen Einwohner,Anzahl der gesamten Hauptwohnsitzbevölkerung,,,,2015,Stadtbezirk,4,04 Schwabing - West
Ausländer_innenanteil,gesamt,"27,3",11142,40879,,,,Anzahl aller ausländischen Einwohner,Anzahl der gesamten Hauptwohnsitzbevölkerung,,,,2015,Stadtbezirk,6,06 Sendling
Ausländer_innenanteil,gesamt,"40,2",30362,75488,,,,Anzahl aller ausländischen Einwohner,Anzahl der gesamten Hauptwohnsitzbevölkerung,,,,2015,Stadtbezirk,11,11 Milbertshofen - Am Hart
Ausländer_innenanteil,gesamt,"24,2",12929,53377,,,,Anzahl aller ausländischen Einwohner,Anzahl der gesamten Hauptwohnsitzbevölkerung,,,,2015,Stadtbezirk,18,18 Untergiesing - Harlaching
Ausländer_innenanteil,gesamt,"26,4",5579,21122,,,,Anzahl aller ausländischen Einwohner,Anzahl der gesamten Hauptwohnsitzbevölkerung,,,,2015,Stadtbezirk,1,01 Altstadt - Lehel
Ausländer_innenanteil,gesamt,"31,7",17138,54049,,,,Anzahl aller ausländischen Einwohner,Anzahl der gesamten Hauptwohnsitzbevölkerung,,,,2015,Stadtbezirk,2,02 Ludwigsvorstadt - Isarvorstadt
Ausländer_innenanteil,gesamt,"34,5",10492,30381,,,,Anzahl aller ausländischen Einwohner,Anzahl der gesamten Hauptwohnsitzbevölkerung,,,,2015,Stadtbezirk,8,08 Schwanthalerhöhe
Ausländer_innenanteil,gesamt,"28,5",16625,58398,,,,Anzahl aller ausländischen Einwohner,Anzahl der gesamten Hauptwohnsitzbevölkerung,,,,2015,Stadtbezirk,7,07 Sendling - Westpark
Ausländer_innenanteil,gesamt,"30,9",16823,54402,,,,Anzahl aller ausländischen Einwohner,Anzahl der gesamten Hauptwohnsitzbevölkerung,,,,2015,Stadtbezirk,17,17 Obergiesing - Fasangarten
Ausländer_innenanteil,gesamt,"31,2",14044,45035,,,,Anzahl aller ausländischen Einwohner,Anzahl der gesamten Hauptwohnsitzbevölkerung,,,,2015,Stadtbezirk,14,14 Berg am Laim
Ausländer_innenanteil,gesamt,"24,6",24264,98702,,,,Anzahl aller ausländischen Einwohner,Anzahl der gesamten Hauptwohnsitzbevölkerung,,,,2015,Stadtbezirk,9,09 Neuhausen - Nymphenburg
Ausländer_innenanteil,gesamt,"30,3",16120,53261,,,,Anzahl aller ausländischen Einwohner,Anzahl der gesamten Hauptwohnsitzbevölkerung,,,,2015,Stadtbezirk,10,10 Moosach
Ausländer_innenanteil,gesamt,"27,6",419391,1521678,,,,Anzahl aller ausländischen Einwohner,Anzahl der gesamten Hauptwohnsitzbevölkerung,,,,2015,Gesamtstadt,#100,Stadt München
Ausländer_innenanteil,gesamt,21,6688,31882,,,,Anzahl aller ausländischen Einwohner,Anzahl der gesamten Hauptwohnsitzbevölkerung,,,,2015,Stadtbezirk,23,23 Allach - Untermenzing
Ausländer_innenanteil,gesamt,"24,4",10640,43682,,,,Anzahl aller ausländischen Einwohner,Anzahl der gesamten Hauptwohnsitzbevölkerung,,,,2015,Stadtbezirk,22,22 Aubing - Lochhausen - Langwied
Ausländer_innenanteil,gesamt,"29,4",22068,75020,,,,Anzahl aller ausländischen Einwohner,Anzahl der gesamten Hauptwohnsitzbevölkerung,,,,2015,Stadtbezirk,12,12 Schwabing - Freimann
Ausländer_innenanteil,gesamt,"25,1",23464,93602,,,,Anzahl aller ausländischen Einwohner,Anzahl der gesamten Hauptwohnsitzbevölkerung,,,,2015,Stadtbezirk,19,19 Thalkirchen - Obersendling - Forstenried - Fürstenried - Solln
Ausländer_innenanteil,gesamt,"26,3",13198,50257,,,,Anzahl aller ausländischen Einwohner,Anzahl der gesamten Hauptwohnsitzbevölkerung,,,,2015,Stadtbezirk,20,20 Hadern
Ausländer_innenanteil,gesamt,"24,1",14814,61495,,,,Anzahl aller ausländischen Einwohner,Anzahl der gesamten Hauptwohnsitzbevölkerung,,,,2015,Stadtbezirk,5,05 Au - Haidhausen
Ausländer_innenanteil,gesamt,"21,3",14849,69830,,,,Anzahl aller ausländischen Einwohner,Anzahl der gesamten Hauptwohnsitzbevölkerung,,,,2015,Stadtbezirk,15,15 Trudering - Riem
Ausländer_innenanteil,gesamt,"26,7",14759,55374,,,,Anzahl aller ausländischen Einwohner,Anzahl der gesamten Hauptwohnsitzbevölkerung,,,,2015,Stadtbezirk,25,25 Laim
Ausländer_innenanteil,gesamt,"32,7",36798,112371,,,,Anzahl aller ausländischen Einwohner,Anzahl der gesamten Hauptwohnsitzbevölkerung,,,,2015,Stadtbezirk,16,16 Ramersdorf - Perlach
Ausländer_innenanteil,gesamt,"23,6",20257,85947,,,,Anzahl aller ausländischen Einwohner,Anzahl der gesamten Hauptwohnsitzbevölkerung,,,,2015,Stadtbezirk,13,13 Bogenhausen
Ausländer_innenanteil,gesamt,"27,8",14937,53743,,,,Anzahl aller ausländischen Einwohner,Anzahl der gesamten Hauptwohnsitzbevölkerung,,,,2015,Stadtbezirk,3,03 Maxvorstadt
Ausländer_innenanteil,gesamt,"21,9",16077,73320,,,,Anzahl aller ausländischen Einwohner,Anzahl der gesamten Hauptwohnsitzbevölkerung,,,,2015,Stadtbezirk,21,21 Pasing - Obermenzing
Ausländer_innenanteil,gesamt,"31,8",19543,61534,,,,Anzahl aller ausländischen Einwohner,Anzahl der gesamten Hauptwohnsitzbevölkerung,,,,2015,Stadtbezirk,24,24 Feldmoching - Hasenbergl
